$Clipboard_BoxCreationFailed	La cage de sélection cubique n'a pas pu être créée.
$Clipboard_BoxCreationReviewLog	Consultez Clipboard.log avant de réessayer.
$Clipboard_CellScopeEmpty	Aucun nouvel objet n'a été trouvé dans la portée de cellule sélectionnée.
$Clipboard_CellScopeTool	Cellule de l'outil Clipboard
$Clipboard_CellScopeWorkshop	Cellules de l'Atelier
$Clipboard_CheckComponents	 Vérification des composants disponibles
$Clipboard_CleanupActive	Une plateforme Clipboard est encore active. Détruisez toutes les plateformes, puis réessayez.
$Clipboard_CleanupBlocked	Certains restes n'ont pas pu être identifiés avec certitude. Rien n'a été modifié.
$Clipboard_CleanupBusy	Clipboard est occupé. Attendez la fin de l'action en cours, puis réessayez.
$Clipboard_CleanupConfirm	Nettoyer les restes des plateformes Clipboard détruites ?
$Clipboard_CleanupFailed	Le nettoyage n'a pas pu démarrer. Aucun reste n'a été modifié.
$Clipboard_CleanupNone	Aucun reste d'ancienne plateforme pouvant être nettoyé n'a été trouvé.
$Clipboard_CleanupPrepare	Détruisez d'abord toutes les plateformes Clipboard et créez une sauvegarde de secours.
$Clipboard_CleanupPreserve	Les objets importés et les modèles enregistrés seront conservés.
$Clipboard_CleanupProgress	Nettoyage des anciennes plateformes Clipboard...
$Clipboard_CleanupReload	Sauvegardez, chargez cette sauvegarde, puis sauvegardez à nouveau.
$Clipboard_CleanupResult	Restes marqués pour suppression : {0} ; ignorés : {1}.
$Clipboard_CleanupStopped	Le nettoyage s'est arrêté avant de traiter tous les restes. Sauvegardez et rechargez avant de réessayer.
$Clipboard_CleanupTitle	Nettoyer les anciennes plateformes
$Clipboard_ClearOwnership	 Propriété supprimée
$Clipboard_CompileLinkedWorkshops	 Énumération des Ateliers liés
$Clipboard_CompileWorkshopContainers	 Énumération des conteneurs de l'Atelier
$Clipboard_ComponentAllSourcesQuestion	\nAfficher les matériaux disponibles dans toutes les sources ?
$Clipboard_ComponentAvailableAll	Nécessaire / Disponible dans toutes les sources\n\n
$Clipboard_ComponentAvailableLocal	Nécessaire / Disponible dans cet atelier\n\n
$Clipboard_ComponentCostHeading	<b><u>Coût en composants</u></b>\n\n
$Clipboard_ComponentPaymentIncomplete	Importation annulée : le prélèvement des composants n'a pas pu être terminé. Certains composants ont peut-être déjà été consommés.
$Clipboard_ContinueQuestion	\nVoulez-vous continuer ?
$Clipboard_DeselectGunEquipped	Arme de désélection équipée, tirez sur un objet sélectionné pour le désélectionner.
$Clipboard_DestroyFinished	Traitement de la demande de destruction terminé.
$Clipboard_DestroyIncomplete	La destruction s'est arrêtée avant le traitement de tous les objets sélectionnés.
$Clipboard_DestroyOriginalCount	Initialement sélectionnés : {0}
$Clipboard_DestroyQuestion	Voulez-vous les détruire ?
$Clipboard_DestroyScrapCount	Envoyés à la récupération : {0}
$Clipboard_DestroyWarning	Les objets détruits de cette manière ne fournissent aucun matériau et ne peuvent pas être récupérés.
$Clipboard_DimensionDepth	 Profondeur
$Clipboard_DimensionHeight	 Hauteur
$Clipboard_DimensionRadius	Rayon
$Clipboard_DimensionWidth	 Largeur
$Clipboard_DistanceInput	Saisissez une distance entre 1 et 9 999 :
$Clipboard_DistanceInvalid	Distance invalide : elle doit être un nombre entre 1 et 9 999.
$Clipboard_ESP_AmmoSelection_FULL_0	Munitions de sélection Clipboard
$Clipboard_ESP_AmmoSelection_ONAM_0	Munitions de sélection
$Clipboard_ESP_ClipboardActOnSelection_FULL_0	Menu d’actions
$Clipboard_ESP_ClipboardActionSelectEmptyMessage_DESC_0	Choisissez une action à effectuer :
$Clipboard_ESP_ClipboardActionSelectEmptyMessage_ITXT_0	[ ANNULER ]
$Clipboard_ESP_ClipboardActionSelectEmptyMessage_ITXT_1	Coller depuis Clipboard
$Clipboard_ESP_ClipboardActionSelectEmptyMessage_ITXT_2	Lister les plugins utilisés dans le modèle
$Clipboard_ESP_ClipboardActionSelectEmptyMessage_ITXT_3	Déplacer vers l'emplacement source du modèle
$Clipboard_ESP_ClipboardActionSelectEmptyMessage_ITXT_4	Afficher le coût en composants du modèle
$Clipboard_ESP_ClipboardActionSelectMessage_DESC_0	Choisissez une action à effectuer :
$Clipboard_ESP_ClipboardActionSelectMessage_ITXT_0	[ ANNULER ]
$Clipboard_ESP_ClipboardActionSelectMessage_ITXT_1	Copier vers Clipboard
$Clipboard_ESP_ClipboardActionSelectMessage_ITXT_10	Lister les plugins utilisés dans le modèle
$Clipboard_ESP_ClipboardActionSelectMessage_ITXT_11	Déplacer vers l'emplacement source du modèle
$Clipboard_ESP_ClipboardActionSelectMessage_ITXT_12	Afficher le coût en composants de la sélection
$Clipboard_ESP_ClipboardActionSelectMessage_ITXT_13	Afficher le coût en composants du modèle
$Clipboard_ESP_ClipboardActionSelectMessage_ITXT_2	Coller depuis Clipboard
$Clipboard_ESP_ClipboardActionSelectMessage_ITXT_3	Détruire
$Clipboard_ESP_ClipboardActionSelectMessage_ITXT_4	Pivoter
$Clipboard_ESP_ClipboardActionSelectMessage_ITXT_5	Déplacer
$Clipboard_ESP_ClipboardActionSelectMessage_ITXT_6	Redimensionner
$Clipboard_ESP_ClipboardActionSelectMessage_ITXT_7	Retirer le propriétaire
$Clipboard_ESP_ClipboardActionSelectMessage_ITXT_8	Afficher les détails de la sélection
$Clipboard_ESP_ClipboardActionSelectMessage_ITXT_9	Lister les plugins utilisés dans la sélection
$Clipboard_ESP_ClipboardButtonNuke_FULL_0	Outil Clipboard
$Clipboard_ESP_ClipboardButtonPole_FULL_0	Outil Clipboard
$Clipboard_ESP_ClipboardButtonStand_ATTX_0	Appuyer
$Clipboard_ESP_ClipboardButtonStand_FULL_0	Outil Clipboard
$Clipboard_ESP_ClipboardChangeSelectionMethod_FULL_0	Changer la méthode de sélection
$Clipboard_ESP_ClipboardClearSelection_FULL_0	Effacer la sélection
$Clipboard_ESP_ClipboardCopyPylon_FULL_0	Outil Clipboard
$Clipboard_ESP_ClipboardCopyTo_FULL_0	Copier dans Clipboard
$Clipboard_ESP_ClipboardDestoryTool_FULL_0	Détruire l'outil
$Clipboard_ESP_ClipboardHotkeyMenuAreaMessage_DESC_0	<b><u>Menu rapide de l'outil Clipboard</u></b>\r\n \r\n<u>Résumé de la sélection</u>\r\nObjets : <Alias=Slot1State>\r\nFils : <Alias=Slot2State>\r\nPlugins : <Alias=Slot3State>\r\nMéthode : <Alias=Slot4State>
$Clipboard_ESP_ClipboardHotkeyMenuAreaMessage_ITXT_0	[ ANNULER ]
$Clipboard_ESP_ClipboardHotkeyMenuAreaMessage_ITXT_1	Afficher le menu d'actions
$Clipboard_ESP_ClipboardHotkeyMenuAreaMessage_ITXT_2	Changer de méthode de sélection
$Clipboard_ESP_ClipboardHotkeyMenuAreaMessage_ITXT_3	Lancer l'analyse de sélection
$Clipboard_ESP_ClipboardHotkeyMenuAreaMessage_ITXT_4	Effacer la sélection
$Clipboard_ESP_ClipboardHotkeyMenuAreaMessage_ITXT_5	Détruire l'outil
$Clipboard_ESP_ClipboardHotkeyMenuAreaMessage_ITXT_6	Aller à l'outil
$Clipboard_ESP_ClipboardHotkeyMenuManualMessage_DESC_0	<b><u>Menu rapide de l'outil Clipboard</u></b>\r\n \r\n<u>Résumé de la sélection</u>\r\nObjets : <Alias=Slot1State>\r\nFils : <Alias=Slot2State>\r\nPlugins : <Alias=Slot3State>\r\nMéthode : <Alias=Slot4State>
$Clipboard_ESP_ClipboardHotkeyMenuManualMessage_ITXT_0	[ ANNULER ]
$Clipboard_ESP_ClipboardHotkeyMenuManualMessage_ITXT_1	Afficher le menu d'actions
$Clipboard_ESP_ClipboardHotkeyMenuManualMessage_ITXT_2	Changer de méthode de sélection
$Clipboard_ESP_ClipboardHotkeyMenuManualMessage_ITXT_3	Basculer sélection/désélection
$Clipboard_ESP_ClipboardHotkeyMenuManualMessage_ITXT_4	Effacer la sélection
$Clipboard_ESP_ClipboardHotkeyMenuManualMessage_ITXT_5	Détruire l'outil
$Clipboard_ESP_ClipboardHotkeyMenuManualMessage_ITXT_6	Se déplacer vers l'outil
$Clipboard_ESP_ClipboardHotkeyMenuMessage_DESC_0	<b><u>Menu rapide de l'outil Clipboard</u></b>\r\n \r\n<u>Résumé de la sélection</u>\r\nObjets : <Alias=Slot1State>\r\nFils : <Alias=Slot2State>\r\nPlugins : <Alias=Slot3State>\r\nMéthode : <Alias=Slot4State>
$Clipboard_ESP_ClipboardHotkeyMenuMessage_ITXT_0	[ ANNULER ]
$Clipboard_ESP_ClipboardHotkeyMenuMessage_ITXT_1	Afficher le menu d'actions
$Clipboard_ESP_ClipboardHotkeyMenuMessage_ITXT_2	Changer de méthode de sélection
$Clipboard_ESP_ClipboardHotkeyMenuMessage_ITXT_3	Effacer la sélection
$Clipboard_ESP_ClipboardHotkeyMenuMessage_ITXT_4	Détruire l'outil
$Clipboard_ESP_ClipboardHotkeyMenuMessage_ITXT_5	Se déplacer vers l'outil
$Clipboard_ESP_ClipboardInformMessage_DESC_0	<Alias=Slot1State>\r\n<Alias=Slot2State>\r\n<Alias=Slot3State>\r\n<Alias=Slot4State>\r\n<Alias=Slot5State>
$Clipboard_ESP_ClipboardInformMessage_ITXT_0	OK
$Clipboard_ESP_ClipboardInitiateSelection_FULL_0	Lancer l'analyse de sélection
$Clipboard_ESP_ClipboardLabel1_FULL_0	Étiquette 1
$Clipboard_ESP_ClipboardLabel2_FULL_0	Étiquette 2
$Clipboard_ESP_ClipboardLabel3_FULL_0	Étiquette 3
$Clipboard_ESP_ClipboardLabel4_FULL_0	Étiquette 4
$Clipboard_ESP_ClipboardLabel5_FULL_0	Étiquette 5
$Clipboard_ESP_ClipboardListPick1Message_DESC_0	<b><u>Sélection Clipboard <Alias=Slot1State></u></b>\r\n\r\n <Alias=Slot2State>
$Clipboard_ESP_ClipboardListPick1Message_FULL_0	Choisir une page Clipboard
$Clipboard_ESP_ClipboardListPick1Message_ITXT_0	[ ANNULER ]
$Clipboard_ESP_ClipboardListPick1Message_ITXT_1	1
$Clipboard_ESP_ClipboardListPick2Message_DESC_0	<b><u>Sélection Clipboard <Alias=Slot1State></u></b>\r\n\r\n <Alias=Slot2State>
$Clipboard_ESP_ClipboardListPick2Message_FULL_0	Choisir une page Clipboard
$Clipboard_ESP_ClipboardListPick2Message_ITXT_0	[ ANNULER ]
$Clipboard_ESP_ClipboardListPick2Message_ITXT_1	1
$Clipboard_ESP_ClipboardListPick2Message_ITXT_2	2
$Clipboard_ESP_ClipboardListPick3Message_DESC_0	<b><u>Clipboard <Alias=Slot1State> Sélection</u></b>\r\n\r\n <Alias=Slot2State>
$Clipboard_ESP_ClipboardListPick3Message_FULL_0	Choisir une page Clipboard
$Clipboard_ESP_ClipboardListPick3Message_ITXT_0	[ ANNULER ]
$Clipboard_ESP_ClipboardListPick3Message_ITXT_1	1
$Clipboard_ESP_ClipboardListPick3Message_ITXT_2	2
$Clipboard_ESP_ClipboardListPick3Message_ITXT_3	3
$Clipboard_ESP_ClipboardListPick4Message_DESC_0	<b><u>Clipboard <Alias=Slot1State> Sélection</u></b>\r\n\r\n <Alias=Slot2State>
$Clipboard_ESP_ClipboardListPick4Message_FULL_0	Choisir une page Clipboard
$Clipboard_ESP_ClipboardListPick4Message_ITXT_0	[ ANNULER ]
$Clipboard_ESP_ClipboardListPick4Message_ITXT_1	1
$Clipboard_ESP_ClipboardListPick4Message_ITXT_2	2
$Clipboard_ESP_ClipboardListPick4Message_ITXT_3	3
$Clipboard_ESP_ClipboardListPick4Message_ITXT_4	4
$Clipboard_ESP_ClipboardListPick5Message_DESC_0	<b><u>Clipboard <Alias=Slot1State> Sélection</u></b>\r\n\r\n <Alias=Slot2State>
$Clipboard_ESP_ClipboardListPick5Message_FULL_0	Choisir une page Clipboard
$Clipboard_ESP_ClipboardListPick5Message_ITXT_0	[ ANNULER ]
$Clipboard_ESP_ClipboardListPick5Message_ITXT_1	1
$Clipboard_ESP_ClipboardListPick5Message_ITXT_2	2
$Clipboard_ESP_ClipboardListPick5Message_ITXT_3	3
$Clipboard_ESP_ClipboardListPick5Message_ITXT_4	4
$Clipboard_ESP_ClipboardListPick5Message_ITXT_5	5
$Clipboard_ESP_ClipboardListPick6Message_DESC_0	<b><u>Clipboard <Alias=Slot1State> Sélection</u></b>\r\n\r\n <Alias=Slot2State>
$Clipboard_ESP_ClipboardListPick6Message_FULL_0	Choisir une page Clipboard
$Clipboard_ESP_ClipboardListPick6Message_ITXT_0	[ ANNULER ]
$Clipboard_ESP_ClipboardListPick6Message_ITXT_1	1
$Clipboard_ESP_ClipboardListPick6Message_ITXT_2	2
$Clipboard_ESP_ClipboardListPick6Message_ITXT_3	3
$Clipboard_ESP_ClipboardListPick6Message_ITXT_4	4
$Clipboard_ESP_ClipboardListPick6Message_ITXT_5	5
$Clipboard_ESP_ClipboardListPick6Message_ITXT_6	6
$Clipboard_ESP_ClipboardListPick7Message_DESC_0	<b><u>Clipboard <Alias=Slot1State> Sélection</u></b>\r\n\r\n <Alias=Slot2State>
$Clipboard_ESP_ClipboardListPick7Message_FULL_0	Choisir une page Clipboard
$Clipboard_ESP_ClipboardListPick7Message_ITXT_0	[ ANNULER ]
$Clipboard_ESP_ClipboardListPick7Message_ITXT_1	1
$Clipboard_ESP_ClipboardListPick7Message_ITXT_2	2
$Clipboard_ESP_ClipboardListPick7Message_ITXT_3	3
$Clipboard_ESP_ClipboardListPick7Message_ITXT_4	4
$Clipboard_ESP_ClipboardListPick7Message_ITXT_5	5
$Clipboard_ESP_ClipboardListPick7Message_ITXT_6	6
$Clipboard_ESP_ClipboardListPick7Message_ITXT_7	7
$Clipboard_ESP_ClipboardListPick8Message_DESC_0	<b><u>Clipboard <Alias=Slot1State> Sélection</u></b>\r\n\r\n <Alias=Slot2State>
$Clipboard_ESP_ClipboardListPick8Message_FULL_0	Choisir une page Clipboard
$Clipboard_ESP_ClipboardListPick8Message_ITXT_0	[ ANNULER ]
$Clipboard_ESP_ClipboardListPick8Message_ITXT_1	1
$Clipboard_ESP_ClipboardListPick8Message_ITXT_2	2
$Clipboard_ESP_ClipboardListPick8Message_ITXT_3	3
$Clipboard_ESP_ClipboardListPick8Message_ITXT_4	4
$Clipboard_ESP_ClipboardListPick8Message_ITXT_5	5
$Clipboard_ESP_ClipboardListPick8Message_ITXT_6	6
$Clipboard_ESP_ClipboardListPick8Message_ITXT_7	7
$Clipboard_ESP_ClipboardListPick8Message_ITXT_8	8
$Clipboard_ESP_ClipboardListPick9Message_DESC_0	<b><u>Sélection Clipboard <Alias=Slot1State></u></b>\r\n\r\n <Alias=Slot2State>
$Clipboard_ESP_ClipboardListPick9Message_FULL_0	Choisir une page Clipboard
$Clipboard_ESP_ClipboardListPick9Message_ITXT_0	[ ANNULER ]
$Clipboard_ESP_ClipboardListPick9Message_ITXT_1	1
$Clipboard_ESP_ClipboardListPick9Message_ITXT_2	2
$Clipboard_ESP_ClipboardListPick9Message_ITXT_3	3
$Clipboard_ESP_ClipboardListPick9Message_ITXT_4	4
$Clipboard_ESP_ClipboardListPick9Message_ITXT_5	5
$Clipboard_ESP_ClipboardListPick9Message_ITXT_6	6
$Clipboard_ESP_ClipboardListPick9Message_ITXT_7	7
$Clipboard_ESP_ClipboardListPick9Message_ITXT_8	8
$Clipboard_ESP_ClipboardListPick9Message_ITXT_9	9
$Clipboard_ESP_ClipboardListPickMessage_DESC_0	<b><u>Sélection Clipboard <Alias=Slot1State></u></b>\r\n\r\n <Alias=Slot2State>
$Clipboard_ESP_ClipboardListPickMessage_FULL_0	Choisir une page Clipboard
$Clipboard_ESP_ClipboardListPickMessage_ITXT_0	[ ANNULER ]
$Clipboard_ESP_ClipboardListPickMessage_ITXT_1	1
$Clipboard_ESP_ClipboardListPickMessage_ITXT_10	10
$Clipboard_ESP_ClipboardListPickMessage_ITXT_2	2
$Clipboard_ESP_ClipboardListPickMessage_ITXT_3	3
$Clipboard_ESP_ClipboardListPickMessage_ITXT_4	4
$Clipboard_ESP_ClipboardListPickMessage_ITXT_5	5
$Clipboard_ESP_ClipboardListPickMessage_ITXT_6	6
$Clipboard_ESP_ClipboardListPickMessage_ITXT_7	7
$Clipboard_ESP_ClipboardListPickMessage_ITXT_8	8
$Clipboard_ESP_ClipboardListPickMessage_ITXT_9	9
$Clipboard_ESP_ClipboardListPickPagedMessage_DESC_0	<b><u>Sélection Clipboard <Alias=Slot1State> : %.0f-%.0f</u></b>\r\n\r\n<Alias=Slot2State>
$Clipboard_ESP_ClipboardListPickPagedMessage_FULL_0	Choisir une page Clipboard
$Clipboard_ESP_ClipboardListPickPagedMessage_ITXT_0	[ ANNULER ]
$Clipboard_ESP_ClipboardListPickPagedMessage_ITXT_1	[ PRÉCÉDENT ]
$Clipboard_ESP_ClipboardListPickPagedMessage_ITXT_10	8
$Clipboard_ESP_ClipboardListPickPagedMessage_ITXT_11	9
$Clipboard_ESP_ClipboardListPickPagedMessage_ITXT_12	10
$Clipboard_ESP_ClipboardListPickPagedMessage_ITXT_2	[ SUIVANT ]
$Clipboard_ESP_ClipboardListPickPagedMessage_ITXT_3	1
$Clipboard_ESP_ClipboardListPickPagedMessage_ITXT_4	2
$Clipboard_ESP_ClipboardListPickPagedMessage_ITXT_5	3
$Clipboard_ESP_ClipboardListPickPagedMessage_ITXT_6	4
$Clipboard_ESP_ClipboardListPickPagedMessage_ITXT_7	5
$Clipboard_ESP_ClipboardListPickPagedMessage_ITXT_8	6
$Clipboard_ESP_ClipboardListPickPagedMessage_ITXT_9	7
$Clipboard_ESP_ClipboardManager_FULL_0	Gestionnaire Clipboard
$Clipboard_ESP_ClipboardMissingPluginsMessage_DESC_0	Plugins requis manquants !\r\n \r\n<Alias=Slot1State>\r\n<Alias=Slot2State>\r\n<Alias=Slot3State>\r\n<Alias=Slot4State>\r\n<Alias=Slot5State>\r\n\r\nVoulez-vous quand même continuer ?
$Clipboard_ESP_ClipboardMissingPluginsMessage_ITXT_0	Non
$Clipboard_ESP_ClipboardMissingPluginsMessage_ITXT_1	Oui
$Clipboard_ESP_ClipboardMoveAmountSelectMessage_DESC_0	Déplacer de :
$Clipboard_ESP_ClipboardMoveAmountSelectMessage_ITXT_0	1
$Clipboard_ESP_ClipboardMoveAmountSelectMessage_ITXT_1	2
$Clipboard_ESP_ClipboardMoveAmountSelectMessage_ITXT_2	4
$Clipboard_ESP_ClipboardMoveAmountSelectMessage_ITXT_3	8
$Clipboard_ESP_ClipboardMoveAmountSelectMessage_ITXT_4	16
$Clipboard_ESP_ClipboardMoveAmountSelectMessage_ITXT_5	32
$Clipboard_ESP_ClipboardMoveAmountSelectMessage_ITXT_6	64
$Clipboard_ESP_ClipboardMoveAmountSelectMessage_ITXT_7	128
$Clipboard_ESP_ClipboardMoveAmountSelectMessage_ITXT_8	256
$Clipboard_ESP_ClipboardMoveAmountSelectMessage_ITXT_9	512
$Clipboard_ESP_ClipboardMoveDirectionSelectMessage_DESC_0	Direction du déplacement :
$Clipboard_ESP_ClipboardMoveDirectionSelectMessage_ITXT_0	Gauche
$Clipboard_ESP_ClipboardMoveDirectionSelectMessage_ITXT_1	Droite
$Clipboard_ESP_ClipboardMoveDirectionSelectMessage_ITXT_2	Haut
$Clipboard_ESP_ClipboardMoveDirectionSelectMessage_ITXT_3	Bas
$Clipboard_ESP_ClipboardMoveDirectionSelectMessage_ITXT_4	Avant
$Clipboard_ESP_ClipboardMoveDirectionSelectMessage_ITXT_5	Arrière
$Clipboard_ESP_ClipboardMoveOnto_FULL_0	Monter sur la plateforme
$Clipboard_ESP_ClipboardNotYetImplemented_DESC_0	Pas encore implémenté
$Clipboard_ESP_ClipboardNotYetImplemented_ITXT_0	OK
$Clipboard_ESP_ClipboardPage1SelectMessage_DESC_0	<b><u>Sélection de page Clipboard : 1-100</u></b>\r\n \r\nPRÉCÉDENT : 401-500\r\nSUIVANT : 101-200\r\n\r\n<Alias=Slot1State>
$Clipboard_ESP_ClipboardPage1SelectMessage_FULL_0	Choisir une page Clipboard
$Clipboard_ESP_ClipboardPage1SelectMessage_ITXT_0	[ ANNULER ]
$Clipboard_ESP_ClipboardPage1SelectMessage_ITXT_1	[ PRÉCÉDENT ]
$Clipboard_ESP_ClipboardPage1SelectMessage_ITXT_10	71 - 80
$Clipboard_ESP_ClipboardPage1SelectMessage_ITXT_11	81 - 90
$Clipboard_ESP_ClipboardPage1SelectMessage_ITXT_12	91 - 100
$Clipboard_ESP_ClipboardPage1SelectMessage_ITXT_2	[ SUIVANT ]
$Clipboard_ESP_ClipboardPage1SelectMessage_ITXT_3	1 - 10
$Clipboard_ESP_ClipboardPage1SelectMessage_ITXT_4	11 - 20
$Clipboard_ESP_ClipboardPage1SelectMessage_ITXT_5	21 - 30
$Clipboard_ESP_ClipboardPage1SelectMessage_ITXT_6	31 - 40
$Clipboard_ESP_ClipboardPage1SelectMessage_ITXT_7	41 - 50
$Clipboard_ESP_ClipboardPage1SelectMessage_ITXT_8	51 - 60
$Clipboard_ESP_ClipboardPage1SelectMessage_ITXT_9	61 - 70
$Clipboard_ESP_ClipboardPage2SelectMessage_DESC_0	<b><u>Sélection de page Clipboard : 101-200</u></b>\r\n\r\nPRÉCÉDENT : 1-100\r\nSUIVANT : 201-300\r\n\r\n<Alias=Slot1State>
$Clipboard_ESP_ClipboardPage2SelectMessage_FULL_0	Choisir une page Clipboard
$Clipboard_ESP_ClipboardPage2SelectMessage_ITXT_0	[ ANNULER ]
$Clipboard_ESP_ClipboardPage2SelectMessage_ITXT_1	[ PRÉCÉDENT ]
$Clipboard_ESP_ClipboardPage2SelectMessage_ITXT_10	171 - 180
$Clipboard_ESP_ClipboardPage2SelectMessage_ITXT_11	181 - 190
$Clipboard_ESP_ClipboardPage2SelectMessage_ITXT_12	191 - 200
$Clipboard_ESP_ClipboardPage2SelectMessage_ITXT_2	[ SUIVANT ]
$Clipboard_ESP_ClipboardPage2SelectMessage_ITXT_3	101 - 110
$Clipboard_ESP_ClipboardPage2SelectMessage_ITXT_4	111 - 120
$Clipboard_ESP_ClipboardPage2SelectMessage_ITXT_5	121 - 130
$Clipboard_ESP_ClipboardPage2SelectMessage_ITXT_6	131 - 140
$Clipboard_ESP_ClipboardPage2SelectMessage_ITXT_7	141 - 150
$Clipboard_ESP_ClipboardPage2SelectMessage_ITXT_8	151 - 160
$Clipboard_ESP_ClipboardPage2SelectMessage_ITXT_9	161 - 170
$Clipboard_ESP_ClipboardPage3SelectMessage_DESC_0	<b><u>Sélection de page Clipboard : 201-300</u></b>\r\n\r\nPRÉCÉDENT : 101-200\r\nSUIVANT : 301-400\r\n\r\n<Alias=Slot1State>
$Clipboard_ESP_ClipboardPage3SelectMessage_FULL_0	Choisir une page Clipboard
$Clipboard_ESP_ClipboardPage3SelectMessage_ITXT_0	[ ANNULER ]
$Clipboard_ESP_ClipboardPage3SelectMessage_ITXT_1	[ PRÉCÉDENT ]
$Clipboard_ESP_ClipboardPage3SelectMessage_ITXT_10	271 - 280
$Clipboard_ESP_ClipboardPage3SelectMessage_ITXT_11	281 - 290
$Clipboard_ESP_ClipboardPage3SelectMessage_ITXT_12	291 - 300
$Clipboard_ESP_ClipboardPage3SelectMessage_ITXT_2	[ SUIVANT ]
$Clipboard_ESP_ClipboardPage3SelectMessage_ITXT_3	201 - 210
$Clipboard_ESP_ClipboardPage3SelectMessage_ITXT_4	211 - 220
$Clipboard_ESP_ClipboardPage3SelectMessage_ITXT_5	221 - 230
$Clipboard_ESP_ClipboardPage3SelectMessage_ITXT_6	231 - 240
$Clipboard_ESP_ClipboardPage3SelectMessage_ITXT_7	241 - 250
$Clipboard_ESP_ClipboardPage3SelectMessage_ITXT_8	251 - 260
$Clipboard_ESP_ClipboardPage3SelectMessage_ITXT_9	261 - 270
$Clipboard_ESP_ClipboardPage4SelectMessage_DESC_0	<b><u>Sélection de page Clipboard : 301-400</u></b>\r\n\r\nPRÉCÉDENT : 201-300\r\nSUIVANT : 401-500\r\n\r\n<Alias=Slot1State>
$Clipboard_ESP_ClipboardPage4SelectMessage_FULL_0	Choisir une page Clipboard
$Clipboard_ESP_ClipboardPage4SelectMessage_ITXT_0	[ ANNULER ]
$Clipboard_ESP_ClipboardPage4SelectMessage_ITXT_1	[ PRÉCÉDENT ]
$Clipboard_ESP_ClipboardPage4SelectMessage_ITXT_10	371 - 380
$Clipboard_ESP_ClipboardPage4SelectMessage_ITXT_11	381 - 390
$Clipboard_ESP_ClipboardPage4SelectMessage_ITXT_12	391 - 400
$Clipboard_ESP_ClipboardPage4SelectMessage_ITXT_2	[ SUIVANT ]
$Clipboard_ESP_ClipboardPage4SelectMessage_ITXT_3	301 - 310
$Clipboard_ESP_ClipboardPage4SelectMessage_ITXT_4	311 - 320
$Clipboard_ESP_ClipboardPage4SelectMessage_ITXT_5	321 - 330
$Clipboard_ESP_ClipboardPage4SelectMessage_ITXT_6	331 - 340
$Clipboard_ESP_ClipboardPage4SelectMessage_ITXT_7	341 - 350
$Clipboard_ESP_ClipboardPage4SelectMessage_ITXT_8	351 - 360
$Clipboard_ESP_ClipboardPage4SelectMessage_ITXT_9	361 - 370
$Clipboard_ESP_ClipboardPage5SelectMessage_DESC_0	<b><u>Sélection de page Clipboard : 401-500</u></b>\r\n\r\nPRÉCÉDENT : 301-400\r\nSUIVANT : 1-100\r\n\r\n<Alias=Slot1State>
$Clipboard_ESP_ClipboardPage5SelectMessage_FULL_0	Choisir une page Clipboard
$Clipboard_ESP_ClipboardPage5SelectMessage_ITXT_0	[ ANNULER ]
$Clipboard_ESP_ClipboardPage5SelectMessage_ITXT_1	[ PRÉCÉDENT ]
$Clipboard_ESP_ClipboardPage5SelectMessage_ITXT_10	471 - 480
$Clipboard_ESP_ClipboardPage5SelectMessage_ITXT_11	481 - 490
$Clipboard_ESP_ClipboardPage5SelectMessage_ITXT_12	491 - 500
$Clipboard_ESP_ClipboardPage5SelectMessage_ITXT_2	[ SUIVANT ]
$Clipboard_ESP_ClipboardPage5SelectMessage_ITXT_3	401 - 410
$Clipboard_ESP_ClipboardPage5SelectMessage_ITXT_4	411 - 420
$Clipboard_ESP_ClipboardPage5SelectMessage_ITXT_5	421 - 430
$Clipboard_ESP_ClipboardPage5SelectMessage_ITXT_6	431 - 440
$Clipboard_ESP_ClipboardPage5SelectMessage_ITXT_7	441 - 450
$Clipboard_ESP_ClipboardPage5SelectMessage_ITXT_8	451 - 460
$Clipboard_ESP_ClipboardPage5SelectMessage_ITXT_9	461 - 470
$Clipboard_ESP_ClipboardProgessMessage_DESC_0	<Alias=Slot1State> %.0f (%.0f%% terminé)
$Clipboard_ESP_ClipboardRotationAmountMessage_DESC_0	Angle de rotation :
$Clipboard_ESP_ClipboardRotationAmountMessage_ITXT_0	1°
$Clipboard_ESP_ClipboardRotationAmountMessage_ITXT_1	5°
$Clipboard_ESP_ClipboardRotationAmountMessage_ITXT_2	10°
$Clipboard_ESP_ClipboardRotationAmountMessage_ITXT_3	15°
$Clipboard_ESP_ClipboardRotationAmountMessage_ITXT_4	30°
$Clipboard_ESP_ClipboardRotationAmountMessage_ITXT_5	45°
$Clipboard_ESP_ClipboardRotationAmountMessage_ITXT_6	60°
$Clipboard_ESP_ClipboardRotationAmountMessage_ITXT_7	90°
$Clipboard_ESP_ClipboardRotationAmountMessage_ITXT_8	120°
$Clipboard_ESP_ClipboardRotationAmountMessage_ITXT_9	180°
$Clipboard_ESP_ClipboardRotationSelectMessage_DESC_0	Type de rotation :
$Clipboard_ESP_ClipboardRotationSelectMessage_ITXT_0	Sens horaire (autour du centre de la sélection)
$Clipboard_ESP_ClipboardRotationSelectMessage_ITXT_1	Sens antihoraire (autour du centre de la sélection)
$Clipboard_ESP_ClipboardRotationSelectMessage_ITXT_2	Sens horaire (autour de l'outil Clipboard)
$Clipboard_ESP_ClipboardRotationSelectMessage_ITXT_3	Sens antihoraire (autour de l'outil Clipboard)
$Clipboard_ESP_ClipboardScaleDownAmountMessage_DESC_0	Réduire la taille de :
$Clipboard_ESP_ClipboardScaleDownAmountMessage_ITXT_0	1%
$Clipboard_ESP_ClipboardScaleDownAmountMessage_ITXT_1	5%
$Clipboard_ESP_ClipboardScaleDownAmountMessage_ITXT_2	10%
$Clipboard_ESP_ClipboardScaleDownAmountMessage_ITXT_3	25%
$Clipboard_ESP_ClipboardScaleDownAmountMessage_ITXT_4	50%
$Clipboard_ESP_ClipboardScaleDownAmountMessage_ITXT_5	75%
$Clipboard_ESP_ClipboardScaleDownAmountMessage_ITXT_6	90%
$Clipboard_ESP_ClipboardScaleTypeSelectMessage_ITXT_0	Augmenter la taille (ensemble)
$Clipboard_ESP_ClipboardScaleTypeSelectMessage_ITXT_1	Réduire la taille (ensemble)
$Clipboard_ESP_ClipboardScaleTypeSelectMessage_ITXT_2	Restaurer la taille d'origine (ensemble)
$Clipboard_ESP_ClipboardScaleTypeSelectMessage_ITXT_3	Augmenter la taille (individuellement)
$Clipboard_ESP_ClipboardScaleTypeSelectMessage_ITXT_4	Réduire la taille (individuellement)
$Clipboard_ESP_ClipboardScaleTypeSelectMessage_ITXT_5	Restaurer la taille d'origine (individuellement)
$Clipboard_ESP_ClipboardScaleUpAmountMessage_DESC_0	Augmenter la taille de :\r\n\r\n(La mise à l'échelle des objets individuels s'arrêtera à 10x leur taille d'origine)
$Clipboard_ESP_ClipboardScaleUpAmountMessage_ITXT_0	5%
$Clipboard_ESP_ClipboardScaleUpAmountMessage_ITXT_1	10%
$Clipboard_ESP_ClipboardScaleUpAmountMessage_ITXT_2	25%
$Clipboard_ESP_ClipboardScaleUpAmountMessage_ITXT_3	50%
$Clipboard_ESP_ClipboardScaleUpAmountMessage_ITXT_4	100%
$Clipboard_ESP_ClipboardScaleUpAmountMessage_ITXT_5	200%
$Clipboard_ESP_ClipboardScaleUpAmountMessage_ITXT_6	500%
$Clipboard_ESP_ClipboardSelectionGun_FULL_0	Pistolet de sélection Clipboard
$Clipboard_ESP_ClipboardSelectionGun_FULL_1	Épique par défaut
$Clipboard_ESP_ClipboardSelectionMethodAll_FULL_0	Méthode de sélection Clipboard : tout
$Clipboard_ESP_ClipboardSelectionMethodBox_FULL_0	Méthode de sélection Clipboard : boîte
$Clipboard_ESP_ClipboardSelectionMethodByCell_FULL_0	Méthode de sélection Clipboard par cellule
$Clipboard_ESP_ClipboardSelectionMethodByPlugin_FULL_0	Méthode de sélection Clipboard par plugin
$Clipboard_ESP_ClipboardSelectionMethodCylinder_FULL_0	Méthode de sélection Clipboard : cylindre
$Clipboard_ESP_ClipboardSelectionMethodGun_FULL_0	Pistolet de méthode de sélection Clipboard
$Clipboard_ESP_ClipboardSelectionMethodSphere_FULL_0	Méthode de sélection Clipboard : sphère
$Clipboard_ESP_ClipboardSelectionMethods_FULL_0	Méthodes de sélection Clipboard
$Clipboard_ESP_ClipboardSelectionWeaponEnchantment_FULL_0	Enchantement de sélection
$Clipboard_ESP_ClipboardSelectionWeaponHitEffect_FULL_0	Effet d'impact de sélection
$Clipboard_ESP_ClipboardSetSelectionSize_FULL_0	Définir la taille de sélection
$Clipboard_ESP_ClipboardShapeSelectMessage_DESC_0	<b><u>Méthodes de sélection Clipboard</u></b>
$Clipboard_ESP_ClipboardShapeSelectMessage_FULL_0	Choisir une méthode de sélection
$Clipboard_ESP_ClipboardShapeSelectMessage_ITXT_0	Sphère
$Clipboard_ESP_ClipboardShapeSelectMessage_ITXT_1	Cylindre
$Clipboard_ESP_ClipboardShapeSelectMessage_ITXT_2	Boîte
$Clipboard_ESP_ClipboardShapeSelectMessage_ITXT_3	Manuel
$Clipboard_ESP_ClipboardShapeSelectMessage_ITXT_4	Tout sélectionner
$Clipboard_ESP_ClipboardShapeSelectMessage_ITXT_5	Par plugin
$Clipboard_ESP_ClipboardShapeSelectMessage_ITXT_6	Par cellule
$Clipboard_ESP_ClipboardSizeMessage_DESC_0	Définir la zone de sélection <Alias=Slot1State>
$Clipboard_ESP_ClipboardSizeMessage_ITXT_0	x1
$Clipboard_ESP_ClipboardSizeMessage_ITXT_1	x2
$Clipboard_ESP_ClipboardSizeMessage_ITXT_2	x3
$Clipboard_ESP_ClipboardSizeMessage_ITXT_3	x4
$Clipboard_ESP_ClipboardSizeMessage_ITXT_4	x5
$Clipboard_ESP_ClipboardSizeMessage_ITXT_5	x6
$Clipboard_ESP_ClipboardSizeMessage_ITXT_6	x7
$Clipboard_ESP_ClipboardSizeMessage_ITXT_7	x8
$Clipboard_ESP_ClipboardSizeMessage_ITXT_8	x9
$Clipboard_ESP_ClipboardSizeMessage_ITXT_9	x10
$Clipboard_ESP_ClipboardSlotSelectMessage_DESC_0	Sélection d'emplacement Clipboard\r\nAffichage de %.0f à %.0f\r\n \r\n[1] : Emplacement %.0f : <Alias=Slot1State>\r\n[2] : Emplacement %.0f : <Alias=Slot2State>\r\n[3] : Emplacement %.0f : <Alias=Slot3State>\r\n[4] : Emplacement %.0f : <Alias=Slot4State>\r\n[5] : Emplacement %.0f : <Alias=Slot5State>
$Clipboard_ESP_ClipboardSlotSelectMessage_FULL_0	Choisir un emplacement Clipboard
$Clipboard_ESP_ClipboardSlotSelectMessage_ITXT_0	Page précédente
$Clipboard_ESP_ClipboardSlotSelectMessage_ITXT_1	1
$Clipboard_ESP_ClipboardSlotSelectMessage_ITXT_2	2
$Clipboard_ESP_ClipboardSlotSelectMessage_ITXT_3	3
$Clipboard_ESP_ClipboardSlotSelectMessage_ITXT_4	4
$Clipboard_ESP_ClipboardSlotSelectMessage_ITXT_5	5
$Clipboard_ESP_ClipboardSlotSelectMessage_ITXT_6	Page suivante
$Clipboard_ESP_ClipboardSlotSelectPage10Message_DESC_0	<b><u>Sélection d'emplacement Clipboard : <Alias=Slot1State> - <Alias=Slot2State></u></b>\r\n \r\n<Alias=Slot3State>
$Clipboard_ESP_ClipboardSlotSelectPage10Message_FULL_0	Choisir un emplacement Clipboard
$Clipboard_ESP_ClipboardSlotSelectPage10Message_ITXT_0	[ RETOUR ]
$Clipboard_ESP_ClipboardSlotSelectPage10Message_ITXT_1	91
$Clipboard_ESP_ClipboardSlotSelectPage10Message_ITXT_10	100
$Clipboard_ESP_ClipboardSlotSelectPage10Message_ITXT_2	92
$Clipboard_ESP_ClipboardSlotSelectPage10Message_ITXT_3	93
$Clipboard_ESP_ClipboardSlotSelectPage10Message_ITXT_4	94
$Clipboard_ESP_ClipboardSlotSelectPage10Message_ITXT_5	95
$Clipboard_ESP_ClipboardSlotSelectPage10Message_ITXT_6	96
$Clipboard_ESP_ClipboardSlotSelectPage10Message_ITXT_7	97
$Clipboard_ESP_ClipboardSlotSelectPage10Message_ITXT_8	98
$Clipboard_ESP_ClipboardSlotSelectPage10Message_ITXT_9	99
$Clipboard_ESP_ClipboardSlotSelectPage1Message_DESC_0	<b><u>Sélection d'emplacement Clipboard : <Alias=Slot1State> - <Alias=Slot2State></u></b>\r\n\r\n<Alias=Slot3State>
$Clipboard_ESP_ClipboardSlotSelectPage1Message_FULL_0	Choisir un emplacement Clipboard
$Clipboard_ESP_ClipboardSlotSelectPage1Message_ITXT_0	[ RETOUR ]
$Clipboard_ESP_ClipboardSlotSelectPage1Message_ITXT_1	1
$Clipboard_ESP_ClipboardSlotSelectPage1Message_ITXT_10	10
$Clipboard_ESP_ClipboardSlotSelectPage1Message_ITXT_2	2
$Clipboard_ESP_ClipboardSlotSelectPage1Message_ITXT_3	3
$Clipboard_ESP_ClipboardSlotSelectPage1Message_ITXT_4	4
$Clipboard_ESP_ClipboardSlotSelectPage1Message_ITXT_5	5
$Clipboard_ESP_ClipboardSlotSelectPage1Message_ITXT_6	6
$Clipboard_ESP_ClipboardSlotSelectPage1Message_ITXT_7	7
$Clipboard_ESP_ClipboardSlotSelectPage1Message_ITXT_8	8
$Clipboard_ESP_ClipboardSlotSelectPage1Message_ITXT_9	9
$Clipboard_ESP_ClipboardSlotSelectPage2Message_DESC_0	<b><u>Sélection d'emplacement Clipboard : <Alias=Slot1State> - <Alias=Slot2State></u></b>\r\n \r\n<Alias=Slot3State>
$Clipboard_ESP_ClipboardSlotSelectPage2Message_FULL_0	Choisir un emplacement Clipboard
$Clipboard_ESP_ClipboardSlotSelectPage2Message_ITXT_0	[ RETOUR ]
$Clipboard_ESP_ClipboardSlotSelectPage2Message_ITXT_1	11
$Clipboard_ESP_ClipboardSlotSelectPage2Message_ITXT_10	20
$Clipboard_ESP_ClipboardSlotSelectPage2Message_ITXT_2	12
$Clipboard_ESP_ClipboardSlotSelectPage2Message_ITXT_3	13
$Clipboard_ESP_ClipboardSlotSelectPage2Message_ITXT_4	14
$Clipboard_ESP_ClipboardSlotSelectPage2Message_ITXT_5	15
$Clipboard_ESP_ClipboardSlotSelectPage2Message_ITXT_6	16
$Clipboard_ESP_ClipboardSlotSelectPage2Message_ITXT_7	17
$Clipboard_ESP_ClipboardSlotSelectPage2Message_ITXT_8	18
$Clipboard_ESP_ClipboardSlotSelectPage2Message_ITXT_9	19
$Clipboard_ESP_ClipboardSlotSelectPage3Message_DESC_0	<b><u>Sélection d’emplacement Clipboard : <Alias=Slot1State> - <Alias=Slot2State></u></b>\r\n \r\n<Alias=Slot3State>
$Clipboard_ESP_ClipboardSlotSelectPage3Message_FULL_0	Choisir un emplacement Clipboard
$Clipboard_ESP_ClipboardSlotSelectPage3Message_ITXT_0	[ RETOUR ]
$Clipboard_ESP_ClipboardSlotSelectPage3Message_ITXT_1	21
$Clipboard_ESP_ClipboardSlotSelectPage3Message_ITXT_10	30
$Clipboard_ESP_ClipboardSlotSelectPage3Message_ITXT_2	22
$Clipboard_ESP_ClipboardSlotSelectPage3Message_ITXT_3	23
$Clipboard_ESP_ClipboardSlotSelectPage3Message_ITXT_4	24
$Clipboard_ESP_ClipboardSlotSelectPage3Message_ITXT_5	25
$Clipboard_ESP_ClipboardSlotSelectPage3Message_ITXT_6	26
$Clipboard_ESP_ClipboardSlotSelectPage3Message_ITXT_7	27
$Clipboard_ESP_ClipboardSlotSelectPage3Message_ITXT_8	28
$Clipboard_ESP_ClipboardSlotSelectPage3Message_ITXT_9	29
$Clipboard_ESP_ClipboardSlotSelectPage4Message_DESC_0	<b><u>Sélection d’emplacement Clipboard : <Alias=Slot1State> - <Alias=Slot2State></u></b>\r\n \r\n<Alias=Slot3State>
$Clipboard_ESP_ClipboardSlotSelectPage4Message_FULL_0	Choisir un emplacement Clipboard
$Clipboard_ESP_ClipboardSlotSelectPage4Message_ITXT_0	[ RETOUR ]
$Clipboard_ESP_ClipboardSlotSelectPage4Message_ITXT_1	31
$Clipboard_ESP_ClipboardSlotSelectPage4Message_ITXT_10	40
$Clipboard_ESP_ClipboardSlotSelectPage4Message_ITXT_2	32
$Clipboard_ESP_ClipboardSlotSelectPage4Message_ITXT_3	33
$Clipboard_ESP_ClipboardSlotSelectPage4Message_ITXT_4	34
$Clipboard_ESP_ClipboardSlotSelectPage4Message_ITXT_5	35
$Clipboard_ESP_ClipboardSlotSelectPage4Message_ITXT_6	36
$Clipboard_ESP_ClipboardSlotSelectPage4Message_ITXT_7	37
$Clipboard_ESP_ClipboardSlotSelectPage4Message_ITXT_8	38
$Clipboard_ESP_ClipboardSlotSelectPage4Message_ITXT_9	39
$Clipboard_ESP_ClipboardSlotSelectPage5Message_DESC_0	<b><u>Sélection d'emplacement Clipboard : <Alias=Slot1State> - <Alias=Slot2State></u></b>\r\n \r\n<Alias=Slot3State>
$Clipboard_ESP_ClipboardSlotSelectPage5Message_FULL_0	Choisir un emplacement Clipboard
$Clipboard_ESP_ClipboardSlotSelectPage5Message_ITXT_0	[ RETOUR ]
$Clipboard_ESP_ClipboardSlotSelectPage5Message_ITXT_1	41
$Clipboard_ESP_ClipboardSlotSelectPage5Message_ITXT_10	50
$Clipboard_ESP_ClipboardSlotSelectPage5Message_ITXT_2	42
$Clipboard_ESP_ClipboardSlotSelectPage5Message_ITXT_3	43
$Clipboard_ESP_ClipboardSlotSelectPage5Message_ITXT_4	44
$Clipboard_ESP_ClipboardSlotSelectPage5Message_ITXT_5	45
$Clipboard_ESP_ClipboardSlotSelectPage5Message_ITXT_6	46
$Clipboard_ESP_ClipboardSlotSelectPage5Message_ITXT_7	47
$Clipboard_ESP_ClipboardSlotSelectPage5Message_ITXT_8	48
$Clipboard_ESP_ClipboardSlotSelectPage5Message_ITXT_9	49
$Clipboard_ESP_ClipboardSlotSelectPage6Message_DESC_0	<b><u>Sélection d'emplacement Clipboard : <Alias=Slot1State> - <Alias=Slot2State></u></b>\r\n \r\n<Alias=Slot3State>
$Clipboard_ESP_ClipboardSlotSelectPage6Message_FULL_0	Choisir un emplacement Clipboard
$Clipboard_ESP_ClipboardSlotSelectPage6Message_ITXT_0	[ RETOUR ]
$Clipboard_ESP_ClipboardSlotSelectPage6Message_ITXT_1	51
$Clipboard_ESP_ClipboardSlotSelectPage6Message_ITXT_10	60
$Clipboard_ESP_ClipboardSlotSelectPage6Message_ITXT_2	52
$Clipboard_ESP_ClipboardSlotSelectPage6Message_ITXT_3	53
$Clipboard_ESP_ClipboardSlotSelectPage6Message_ITXT_4	54
$Clipboard_ESP_ClipboardSlotSelectPage6Message_ITXT_5	55
$Clipboard_ESP_ClipboardSlotSelectPage6Message_ITXT_6	56
$Clipboard_ESP_ClipboardSlotSelectPage6Message_ITXT_7	57
$Clipboard_ESP_ClipboardSlotSelectPage6Message_ITXT_8	58
$Clipboard_ESP_ClipboardSlotSelectPage6Message_ITXT_9	59
$Clipboard_ESP_ClipboardSlotSelectPage7Message_DESC_0	<b><u>Sélection d’emplacement Clipboard : <Alias=Slot1State> - <Alias=Slot2State></u></b>\r\n \r\n<Alias=Slot3State>
$Clipboard_ESP_ClipboardSlotSelectPage7Message_FULL_0	Choisir un emplacement Clipboard
$Clipboard_ESP_ClipboardSlotSelectPage7Message_ITXT_0	[ RETOUR ]
$Clipboard_ESP_ClipboardSlotSelectPage7Message_ITXT_1	61
$Clipboard_ESP_ClipboardSlotSelectPage7Message_ITXT_10	70
$Clipboard_ESP_ClipboardSlotSelectPage7Message_ITXT_2	62
$Clipboard_ESP_ClipboardSlotSelectPage7Message_ITXT_3	63
$Clipboard_ESP_ClipboardSlotSelectPage7Message_ITXT_4	64
$Clipboard_ESP_ClipboardSlotSelectPage7Message_ITXT_5	65
$Clipboard_ESP_ClipboardSlotSelectPage7Message_ITXT_6	66
$Clipboard_ESP_ClipboardSlotSelectPage7Message_ITXT_7	67
$Clipboard_ESP_ClipboardSlotSelectPage7Message_ITXT_8	68
$Clipboard_ESP_ClipboardSlotSelectPage7Message_ITXT_9	69
$Clipboard_ESP_ClipboardSlotSelectPage8Message_DESC_0	<b><u>Sélection d’emplacement Clipboard : <Alias=Slot1State> - <Alias=Slot2State></u></b>\r\n \r\n<Alias=Slot3State>
$Clipboard_ESP_ClipboardSlotSelectPage8Message_FULL_0	Choisir un emplacement Clipboard
$Clipboard_ESP_ClipboardSlotSelectPage8Message_ITXT_0	[ RETOUR ]
$Clipboard_ESP_ClipboardSlotSelectPage8Message_ITXT_1	71
$Clipboard_ESP_ClipboardSlotSelectPage8Message_ITXT_10	80
$Clipboard_ESP_ClipboardSlotSelectPage8Message_ITXT_2	72
$Clipboard_ESP_ClipboardSlotSelectPage8Message_ITXT_3	73
$Clipboard_ESP_ClipboardSlotSelectPage8Message_ITXT_4	74
$Clipboard_ESP_ClipboardSlotSelectPage8Message_ITXT_5	75
$Clipboard_ESP_ClipboardSlotSelectPage8Message_ITXT_6	76
$Clipboard_ESP_ClipboardSlotSelectPage8Message_ITXT_7	77
$Clipboard_ESP_ClipboardSlotSelectPage8Message_ITXT_8	78
$Clipboard_ESP_ClipboardSlotSelectPage8Message_ITXT_9	79
$Clipboard_ESP_ClipboardSlotSelectPage9Message_DESC_0	<b><u>Sélection d'emplacement Clipboard : <Alias=Slot1State> - <Alias=Slot2State></u></b>\r\n \r\n<Alias=Slot3State>
$Clipboard_ESP_ClipboardSlotSelectPage9Message_FULL_0	Choisir un emplacement Clipboard
$Clipboard_ESP_ClipboardSlotSelectPage9Message_ITXT_0	[ RETOUR ]
$Clipboard_ESP_ClipboardSlotSelectPage9Message_ITXT_1	81
$Clipboard_ESP_ClipboardSlotSelectPage9Message_ITXT_10	90
$Clipboard_ESP_ClipboardSlotSelectPage9Message_ITXT_2	82
$Clipboard_ESP_ClipboardSlotSelectPage9Message_ITXT_3	83
$Clipboard_ESP_ClipboardSlotSelectPage9Message_ITXT_4	84
$Clipboard_ESP_ClipboardSlotSelectPage9Message_ITXT_5	85
$Clipboard_ESP_ClipboardSlotSelectPage9Message_ITXT_6	86
$Clipboard_ESP_ClipboardSlotSelectPage9Message_ITXT_7	87
$Clipboard_ESP_ClipboardSlotSelectPage9Message_ITXT_8	88
$Clipboard_ESP_ClipboardSlotSelectPage9Message_ITXT_9	89
$Clipboard_ESP_ClipboardStatusMessage_DESC_0	<Alias=Slot1State>
$Clipboard_ESP_ClipboardToggleSelectDeselect_FULL_0	Basculer sélectionner/désélectionner
$Clipboard_ESP_ClipboardYesNoMessage_DESC_0	<Alias=Slot1State>\r\n<Alias=Slot2State>\r\n<Alias=Slot3State>\r\n<Alias=Slot4State>\r\n<Alias=Slot5State>
$Clipboard_ESP_ClipboardYesNoMessage_ITXT_0	Non
$Clipboard_ESP_ClipboardYesNoMessage_ITXT_1	Oui
$Clipboard_ESP_WorkshopRecipeFilterQuest_FULL_0	Spécial / Clipboard
$Clipboard_ESP_clipboardMenuManager_FULL_0	Clipboard
$Clipboard_ESP_clipboardMenuManager_NNAM_0	Clipboard
$Clipboard_ESP_workshop_co_ClipboardCopyPylon_DESC_0	Sélectionnez et manipulez des objets de l'Atelier. Gérez les modèles Clipboard.
$Clipboard_EmptySlot	Vide
$Clipboard_EnterWorkshopMode	Voulez-vous d'abord passer en mode Atelier ?\n\n(Les objets visibles uniquement en mode Atelier seront sinon ignorés.)
$Clipboard_GrabDeselected	 Objets saisis désélectionnés : {0}
$Clipboard_GrabSelected	 Objets saisis sélectionnés : {0}
$Clipboard_GroupDeselectedCount	Objets désélectionnés : {0}.
$Clipboard_GroupDeselectionComplete	<b><u>Désélection du groupe terminée</u></b>
$Clipboard_GroupSelectedCount	Objets sélectionnés : {0}.
$Clipboard_GroupSelectionComplete	<b><u>Sélection du groupe terminée</u></b>
$Clipboard_ImportingObjects	Clipboard : Importation des objets...
$Clipboard_InputAccept	Accepter
$Clipboard_InputCancel	Annuler
$Clipboard_InputControllerHelp	Croix : choisir | A : saisir | B : annuler | X : effacer | Y : casse | Start : accepter
$Clipboard_InputInvalid	Saisissez une valeur valide respectant la longueur et les limites autorisées.
$Clipboard_ListNextPage	SUIVANT : {0}-{1}\n\n
$Clipboard_ListPreviousPage	PRÉCÉDENT : {0}-{1}\n
$Clipboard_ListSelectionInvalid	Sélection invalide. Choisissez une entrée valide dans « {0} ».
$Clipboard_MCM_CleanUpOldPlatforms_Help	Supprime les restes des plateformes Clipboard détruites. Détruisez d'abord toutes les plateformes restantes et créez une sauvegarde de secours. Fermez les menus pour continuer.
$Clipboard_MCM_CleanUpOldPlatforms_Text	Nettoyer les anciennes plateformes
$Clipboard_MCM_DisplayName	Clipboard
$Clipboard_MCM_Keybind_activateActionMenuBtn	Afficher le menu d'actions
$Clipboard_MCM_Keybind_activateActionQuickBtn	Afficher le menu rapide
$Clipboard_MCM_Keybind_activateClearSelectionBtn	Effacer la sélection
$Clipboard_MCM_Keybind_activateDestroyToolBtn	Détruire l'outil
$Clipboard_MCM_Keybind_activateSelectionMethodBtn	Changer de méthode de sélection
$Clipboard_MCM_Keybind_activateSelectionScanBtn	Lancer l'action secondaire de la méthode de sélection
$Clipboard_MCM_Section_Balance_Text	Équilibrage
$Clipboard_MCM_Section_Debug_Text	Débogage
$Clipboard_MCM_Section_Dialogs_Text	Dialogues
$Clipboard_MCM_Section_Hotkeys_Text	Raccourcis clavier
$Clipboard_MCM_Section_Import_Options_Text	Options d'importation
$Clipboard_MCM_Section_Selection_Text	Sélection
$Clipboard_MCM_activateActionMenuBtn_Help	Accédez au menu d'actions d'un outil depuis le mode Atelier ou loin de l'outil. Touche suggérée : L
$Clipboard_MCM_activateActionMenuBtn_Text	Afficher le menu d'actions
$Clipboard_MCM_activateActionQuickBtn_Help	Le menu rapide donne accès à tous les boutons d'un outil. Touche suggérée : P
$Clipboard_MCM_activateActionQuickBtn_Text	Afficher le menu rapide
$Clipboard_MCM_activateClearSelectionBtn_Help	Effacez la sélection depuis le mode Atelier ou loin de l'outil. Touche suggérée : [
$Clipboard_MCM_activateClearSelectionBtn_Text	Effacer la sélection
$Clipboard_MCM_activateDestroyToolBtn_Help	Détruisez un outil depuis le mode Atelier ou loin de l'outil. Touche suggérée : ]
$Clipboard_MCM_activateDestroyToolBtn_Text	Détruire l'outil
$Clipboard_MCM_activateSelectionMethodBtn_Help	Accédez à la sélection de méthode d'un outil depuis le mode Atelier ou loin de l'outil. Touche suggérée : ;
$Clipboard_MCM_activateSelectionMethodBtn_Text	Changer de méthode de sélection
$Clipboard_MCM_activateSelectionScanBtn_Help	Basculer Sélectionner/Désélectionner, lancer l'analyse de sélection, etc... Touche suggérée : '
$Clipboard_MCM_activateSelectionScanBtn_Text	Lancer l'action secondaire de la méthode de sélection
$Clipboard_MCM_bAllowAllObjectsToBeImported_Selection_Help	Désactivé par défaut. L'activation permet d'importer les sources lumineuses que le joueur ne peut pas manipuler en mode construction et celles sans recette de construction.
$Clipboard_MCM_bAllowAllObjectsToBeImported_Selection_Text	Autoriser l'importation des sources lumineuses normalement filtrées
$Clipboard_MCM_bAllowNormallyFilteredObjectsToBeSelectedAndExported_Selection_Help	Désactivé par défaut. Élargit la sélection automatique aux objets admissibles non créés par le joueur et aux lumières filtrées. Les objets sélectionnés manuellement sont exportés quelle que soit cette option ; les exclusions permanentes restent actives.
$Clipboard_MCM_bAllowNormallyFilteredObjectsToBeSelectedAndExported_Selection_Text	Autoriser la sélection et l'exportation des objets normalement filtrés
$Clipboard_MCM_bDisableHavokOnImportedObjects_Balance_Help	Activé par défaut. Définit le mouvement de chaque objet importé non-personnage sur images clés dès le chargement de sa 3D, empêchant les objets libres tels que les bouteilles et les armes de tomber ou rouler. Les opérations scriptées, animées, d'inventaire et d'Atelier peuvent toujours déplacer ou modifier un objet.
$Clipboard_MCM_bDisableHavokOnImportedObjects_Balance_Text	Désactiver la physique Havok des objets importés
$Clipboard_MCM_bDisplayImportWarnings_Debug_Help	Afficher les avertissements d’importation dans la boîte de dialogue de fin. Par défaut : Désactivé. La journalisation des avertissements reste inchangée.
$Clipboard_MCM_bDisplayImportWarnings_Debug_Text	Afficher les avertissements d’importation
$Clipboard_MCM_bEnableActionFinishedDialogs_Dialogs_Text	Afficher une notification lorsqu'une action est terminée
$Clipboard_MCM_bEnableAnimalSelection_Selection_Text	Autoriser la sélection des animaux
$Clipboard_MCM_bEnableComponentCost_Balance_Text	Exiger des composants lors du collage
$Clipboard_MCM_bEnableLogging_Debug_Help	Active des informations de diagnostic supplémentaires. Les avertissements et les erreurs sont toujours consignés. Journal : Documents\\My Games\\Fallout4\\F4SE\\Clipboard.log
$Clipboard_MCM_bEnableLogging_Debug_Text	Activer le journal de diagnostic
$Clipboard_MCM_bEnableManualMethodDialog_Dialogs_Text	Afficher la description lors de l'activation de la méthode manuelle
$Clipboard_MCM_bHideConditionBoyDuringInput_Dialogs_Help	Activé par défaut. Masque Condition Boy/Girl lorsqu’une fenêtre de saisie Clipboard est ouverte. Aucun effet si le mod est absent.
$Clipboard_MCM_bHideConditionBoyDuringInput_Dialogs_Text	Masquer Condition Boy/Girl pendant la saisie
$Clipboard_MCM_bUseThrottling_Import_Help	Activé par défaut. Limite les appels simultanés d'initialisation de l'atelier pendant l'importation. Le désactiver peut surcharger les scripts et provoquer des vidages de pile Papyrus, perturbant d'autres mods comme Sim Settlements 2. S'applique à la prochaine importation.
$Clipboard_MCM_bUseThrottling_Import_Text	Limiter la charge
$Clipboard_MCM_iEffectIndex_Selection_Option_Blue	Bleu
$Clipboard_MCM_iEffectIndex_Selection_Option_Classic	Classique
$Clipboard_MCM_iEffectIndex_Selection_Option_Red	Rouge
$Clipboard_MCM_iEffectIndex_Selection_Option_White	Blanc
$Clipboard_MCM_iEffectIndex_Selection_Option_Yellow	Jaune
$Clipboard_MCM_iEffectIndex_Selection_Text	Effet visuel appliqué aux objets sélectionnés
$Clipboard_MCM_iInitialSelectionMethod_Selection_Option_Box	Boîte
$Clipboard_MCM_iInitialSelectionMethod_Selection_Option_Cylinder	Cylindre
$Clipboard_MCM_iInitialSelectionMethod_Selection_Option_Manual	Manuel
$Clipboard_MCM_iInitialSelectionMethod_Selection_Option_Select_All	Tout sélectionner
$Clipboard_MCM_iInitialSelectionMethod_Selection_Option_Select_By_Cell	Sélectionner par cellule
$Clipboard_MCM_iInitialSelectionMethod_Selection_Option_Select_By_Plugin	Sélectionner par plugin
$Clipboard_MCM_iInitialSelectionMethod_Selection_Option_Sphere	Sphère
$Clipboard_MCM_iInitialSelectionMethod_Selection_Text	Méthode de sélection initiale
$Clipboard_MCM_iWorkshopModeOnAction_Dialogs_Option_Always	Toujours
$Clipboard_MCM_iWorkshopModeOnAction_Dialogs_Option_Ask	Demander
$Clipboard_MCM_iWorkshopModeOnAction_Dialogs_Option_Never	Jamais
$Clipboard_MCM_iWorkshopModeOnAction_Dialogs_Text	Entrer en mode Atelier au début de certaines actions
$Clipboard_ManualSelectionHelp	<b><u>Sélection manuelle activée</u></b>\n\n<b>En mode Atelier</b>\n<i>Saisir un objet le sélectionnera.</i>\n<i>Saisir et placer un groupe d'objets les sélectionnera tous.</i>\n\n<b>Hors du mode Atelier</b>\n<i>Tirer sur un objet le sélectionnera.</i>\n\n<b>Utilisation de la console</b>\n<i>Ouvrez la console (`), cliquez sur un objet, puis fermez la console pour sélectionner l'objet.</i>
$Clipboard_MethodAll	Tout sélectionner
$Clipboard_MethodBox	Boîte
$Clipboard_MethodCell	Sélectionner par cellule
$Clipboard_MethodCylinder	Cylindre
$Clipboard_MethodManual	Manuel
$Clipboard_MethodPlugin	Sélectionner par plugin
$Clipboard_MethodSphere	Sphère
$Clipboard_MissingComponentsHeading	<b><u>Composants requis manquants</u></b>\n\n
$Clipboard_MoreComponents	(Composants supplémentaires : {0}...)
$Clipboard_MoreComponentsLine	(Composants supplémentaires : {0}...)\n
$Clipboard_MoreMissingComponents	(Composants manquants supplémentaires : {0}...)\n
$Clipboard_MoreMissingPlugins	Plugins manquants supplémentaires : {0}...
$Clipboard_MotionTypeFinished	Mise à jour du type de mouvement des objets sélectionnés terminée.
$Clipboard_MoveFinished	Déplacement des objets sélectionnés terminé.
$Clipboard_ObjectCount	Objets : {0}
$Clipboard_OverwritePatternQuestion	Voulez-vous l’écraser ?
$Clipboard_OwnershipFinished	Marquage des objets sélectionnés comme sans propriétaire terminé.
$Clipboard_PasteAlreadyRunning	Un collage de modèle est déjà en cours pour cet outil Clipboard.
$Clipboard_PasteCountsWithWires	 Objets : {0} / {1} ; Fils : {2}
$Clipboard_PasteExcludedRows	Clipboard : Objets exclus du câblage et de l’alimentation électrique : {0}.
$Clipboard_PasteFinished	 Collage du modèle depuis l’emplacement {0} terminé.
$Clipboard_PasteNoObjects	Le modèle n’a pas pu être collé, car aucun objet n’a été placé.
$Clipboard_PasteObjectCounts	 Objets : {0} / {1}
$Clipboard_PastePlacementFailed	Le modèle n’a pas pu être collé, car l’opération de placement native a échoué.
$Clipboard_PastePluginTableIncomplete	La table des plugins du modèle est incomplète ; rien n’a été collé.
$Clipboard_PasteReusedRows	Clipboard : Placements en double ignorés : {0}.
$Clipboard_PasteSlotEmpty	 Aucun modèle présent dans l’emplacement {0}.
$Clipboard_PasteWarnings	Collage du modèle terminé avec des avertissements pour l’emplacement {0}.
$Clipboard_PasteWireCount	 Fils : {0}
$Clipboard_PatternExists	Un modèle existe déjà dans l’emplacement {0}.
$Clipboard_PatternNameInput	Saisissez un nom pour le modèle Clipboard :
$Clipboard_PatternPluginCount	Modèle nº {0} : plugins utilisés : {1}.
$Clipboard_PatternSaveFailed	Impossible d'enregistrer le modèle dans l'emplacement {0}. Tout modèle précédemment enregistré dans cet emplacement a été conservé.
$Clipboard_PatternSaved	Écriture du modèle dans l’emplacement {0} terminée.
$Clipboard_PickCell	Cellule
$Clipboard_PickPlugin	Plugin
$Clipboard_PluginSourcesEmpty	Aucune source de plugin sélectionnable n’a été trouvée dans cette colonie.
$Clipboard_PoweringUpProgress	Clipboard : mise sous tension ({0}%)
$Clipboard_PreparationFailed	La préparation du modèle a échoué après le placement.
$Clipboard_PreparationInterrupted	La préparation du modèle a été interrompue.
$Clipboard_PreparationObjectsMayExist	Certains objets existent peut-être déjà ; le câblage et l’alimentation ont été ignorés.
$Clipboard_RemoveComponents	 Retrait des composants
$Clipboard_ReviewBothLogs	Consultez Clipboard.log et Papyrus.log pour plus de détails.
$Clipboard_ReviewNativeLog	Consultez Clipboard.log pour plus de détails.
$Clipboard_RotateFinished	Rotation des objets sélectionnés terminée.
$Clipboard_RotationInput	Saisissez des degrés : plus de 0 et au maximum 180 (6 décimales maximum ; utilisez un point) :
$Clipboard_RotationInvalid	Valeur invalide. Saisissez des degrés : plus de 0 et au maximum 180, avec 6 décimales maximum (utilisez un point).
$Clipboard_ScaleDownInput	Réduction en pourcentage : supérieur à 0, jusqu’à 99. La taille finale de chaque objet doit être un pourcentage entier. Utilisez un point décimal :
$Clipboard_ScaleDownInvalid	Changement d’échelle invalide. Réduction en pourcentage : supérieur à 0, jusqu’à 99. La taille finale de chaque objet doit être un pourcentage entier. Utilisez un point décimal :
$Clipboard_ScaleFinished	Mise à l’échelle des objets sélectionnés terminée.
$Clipboard_ScaleNoExactChange	Aucun changement d’échelle exact n’est possible dans ce sens pour cette sélection. Aucun objet n’a été modifié. Redimensionnez de plus petits groupes séparément ou utilisez Restaurer.
$Clipboard_ScaleRestricted	Ce changement arrondirait la taille d’un objet ou dépasserait une limite. Aucun objet n’a été modifié. Pour cette sélection et ce sens : pas {0} ; maximum {1}. Valeurs valides proches : {2}.
$Clipboard_ScaleSelectionInvalid	Le redimensionnement n’a pas pu être terminé. Vérifiez la sélection avant de réessayer.
$Clipboard_ScaleUpInput	Augmentation en pourcentage : supérieur à 0, jusqu’à 1000. La taille finale de chaque objet doit être un pourcentage entier. Utilisez un point décimal :
$Clipboard_ScaleUpInvalid	Changement d’échelle invalide. Augmentation en pourcentage : supérieur à 0, jusqu’à 1000. La taille finale de chaque objet doit être un pourcentage entier. Utilisez un point décimal :
$Clipboard_SelectGunEquipped	Arme de sélection équipée, tirez sur un objet pour le sélectionner.
$Clipboard_SelectedStatus	 Objets sélectionnés : {0}
$Clipboard_SelectionAllCount	Objets de la colonie sélectionnés : {0}.
$Clipboard_SelectionAreaCount	Objets de la colonie sélectionnés : {0} sur {1}.
$Clipboard_SelectionAreaEmpty	Aucun objet trouvé dans la zone de sélection.
$Clipboard_SelectionAreaRetry	Essayez de repositionner l’outil de copie ou d’augmenter la taille de la zone de sélection.
$Clipboard_SelectionCellCount	Objets de colonie sélectionnés dans cette zone de cellules : {0}.
$Clipboard_SelectionComplete	Sélection terminée.
$Clipboard_SelectionDetailsArea	\n\n<b>Zone</b>\nLargeur : {0}\nLongueur : {1}\nHauteur : {2}
$Clipboard_SelectionDetailsCenter	\n\n<b>Point central</b>\nX : {0}\nY : {1}\nZ : {2}
$Clipboard_SelectionDetailsCounts	<b><u>Détails de la sélection</u></b>\n\nNombre d’objets : {0}\nNombre de fils : {1}\nNombre de plugins : {2}
$Clipboard_SelectionDetailsScale	\n\n<b>Échelle</b>\nMinimum : {0}\nMoyenne : {1}\nMaximum : {2}
$Clipboard_SelectionPluginCount	Objets de la colonie sélectionnés depuis '{1}' : {0}.
$Clipboard_SelectionPluginCountTitle	Objets sélectionnés : plugins utilisés : {0}.
$Clipboard_SelectionPluginEmpty	Aucun nouvel objet d'Atelier sélectionnable n'a été trouvé dans « {0} ».
$Clipboard_SelectionSize	 Taille de la sélection : {0}
$Clipboard_SetMotionType	 Définir le type de mouvement
$Clipboard_SettlementEmpty	Aucun objet sélectionnable n'a été trouvé dans la colonie.
$Clipboard_SlotRangeCount	{0} - {1} : Modèles : {2}\n
$Clipboard_SourceCellIndexInvalid	Le modèle contient un index de plugin de cellule source invalide. Aucun déplacement n'a été effectué.
$Clipboard_SourceCellPluginUnreadable	Le plugin de la cellule source du modèle n'a pas pu être lu. Aucun déplacement n'a été effectué.
$Clipboard_SourceDifferentCell	La position enregistrée est indisponible ou se trouve hors de la zone de construction de '{0}'. Aucun déplacement n'a été effectué.
$Clipboard_SourceDifferentWorkshop	Le déplacement entre Ateliers n'est pas encore pris en charge.
$Clipboard_SourceMovementUnavailable	Le déplacement vers la source du modèle est indisponible, car l'outil Clipboard ou l'Atelier n'a pas pu être résolu.
$Clipboard_SourcePatternInvalid	L'emplacement sélectionné ne contient pas de modèle valide.
$Clipboard_SourcePlayerNotMoved	Le déplacement de l'appareil n'a pas pu être vérifié ou vous avez quitté '{0}'. Le joueur n'a pas été déplacé.
$Clipboard_SourcePluginListUnreadable	La liste des plugins du modèle n'a pas pu être lue.
$Clipboard_SourcePositionUnreadable	La position source du modèle n'a pas pu être lue. Aucun déplacement n'a été effectué.
$Clipboard_SourceTransformInvalid	La transformation source du modèle est invalide. Aucun déplacement n'a été effectué.
$Clipboard_SourceWorkshopIndexInvalid	Le modèle contient un index de plugin d'Atelier invalide.
$Clipboard_SourceWorkshopMissing	Le modèle provient d'un Atelier qui n'existe pas dans cette sauvegarde.
$Clipboard_SourceWorkshopNames	Ce modèle a été créé à '{0}'. Le joueur et l'appareil Clipboard doivent se trouver dans cette colonie pour rejoindre sa position d'origine. Aucun déplacement n'a été effectué.
$Clipboard_TextInputUnavailable	La saisie du texte n'a pas pu être terminée. Veuillez réessayer.
$Clipboard_ToolAlreadyExists	Un outil Clipboard existe déjà.\n\nVeuillez détruire cet outil avant d'en créer un nouveau.
$Clipboard_WarningGeneratorAnimation	Certaines animations des objets importés n'ont pas pu être initialisées. 
$Clipboard_WarningPowerFailed	La reconnexion de l'alimentation a échoué. 
$Clipboard_WarningPowerIncomplete	La reconnexion de l'alimentation est incomplète. 
$Clipboard_WarningPreparationIncomplete	Certains objets n'ont pas fini de se charger ou de préparer leur physique ; les fils automatiques ont été ignorés. 
$Clipboard_WarningRowsSkipped	Certaines lignes du modèle ont été ignorées. 
$Clipboard_WarningWireCreationFailed	La création des fils a échoué. 
$Clipboard_WarningWiresMissing	Certains fils du modèle n'ont pas été créés. 
$Clipboard_WorkshopCallbackCounts	Objets : {0} ; appels terminés : {1} / {2} ; en attente : {3}
$Clipboard_WorkshopIncomplete	L'initialisation de l'Atelier est incomplète.
$Clipboard_WorkshopInitializationProgress	Clipboard : initialisation de l’atelier ({0}%)
$Clipboard_WorkshopInitializing	Clipboard : initialisation des objets d'Atelier...
$Clipboard_WorkshopObjectsPlaced	Les objets ont été placés ; le câblage et l'alimentation ont été ignorés.
$Clipboard_WorkshopReviewBeforeRetry	Consultez les journaux avant de lancer une autre importation avec un nouvel outil.
$Clipboard_WorkshopUnverified	L'initialisation de l'Atelier n'a pas pu être vérifiée.
$Clipboard_WorkshopWiringSkipped	Le câblage et l'alimentation ont été ignorés. Consultez Clipboard.log et Papyrus.log.
