$Clipboard_BoxCreationFailed	Nie można było utworzyć klatki zaznaczania obszaru.
$Clipboard_BoxCreationReviewLog	Przed ponowną próbą sprawdź Clipboard.log.
$Clipboard_CellScopeEmpty	Nie znaleziono niczego w wybranym zakresie komórek, co nie byłoby już zaznaczone.
$Clipboard_CellScopeTool	Komórka Narzędzia Clipboard
$Clipboard_CellScopeWorkshop	Komórki Warsztatu
$Clipboard_CheckComponents	 Sprawdzanie dostępnych komponentów
$Clipboard_CleanupActive	Platforma Clipboard jest nadal aktywna. Zniszcz wszystkie platformy i spróbuj ponownie.
$Clipboard_CleanupBlocked	Nie udało się bezpiecznie zidentyfikować niektórych pozostałości. Niczego nie zmieniono.
$Clipboard_CleanupBusy	Clipboard jest zajęty. Poczekaj na zakończenie bieżącej czynności i spróbuj ponownie.
$Clipboard_CleanupConfirm	Usunąć pozostałości zniszczonych platform Clipboard?
$Clipboard_CleanupFailed	Nie można rozpocząć czyszczenia. Nie zmieniono żadnych pozostałości.
$Clipboard_CleanupNone	Nie znaleziono pozostałości starych platform nadających się do usunięcia.
$Clipboard_CleanupPrepare	Najpierw zniszcz wszystkie platformy Clipboard i utwórz zapasowy zapis gry.
$Clipboard_CleanupPreserve	Zaimportowane obiekty i zapisane wzorce zostaną zachowane.
$Clipboard_CleanupProgress	Usuwanie pozostałości starych platform Clipboard...
$Clipboard_CleanupReload	Zapisz grę, wczytaj ten zapis i zapisz grę ponownie.
$Clipboard_CleanupResult	Pozostałości oznaczone do usunięcia: {0}; pominięte: {1}.
$Clipboard_CleanupStopped	Czyszczenie zatrzymało się przed przetworzeniem wszystkich pozostałości. Zapisz i wczytaj grę przed kolejną próbą.
$Clipboard_CleanupTitle	Usuń pozostałości starych platform
$Clipboard_ClearOwnership	 Usunięto własność
$Clipboard_CompileLinkedWorkshops	 Tworzenie listy połączonych Warsztatów
$Clipboard_CompileWorkshopContainers	 Tworzenie listy kontenerów Warsztatu
$Clipboard_ComponentAllSourcesQuestion	\nPokazać materiały dostępne we wszystkich źródłach?
$Clipboard_ComponentAvailableAll	Wymagane / Dostępne we wszystkich źródłach\n\n
$Clipboard_ComponentAvailableLocal	Wymagane / Dostępne w tym warsztacie\n\n
$Clipboard_ComponentCostHeading	<b><u>Koszt komponentów</u></b>\n\n
$Clipboard_ComponentPaymentIncomplete	Import anulowano, ponieważ nie udało się pobrać wszystkich wymaganych komponentów. Część komponentów mogła już zostać zużyta.
$Clipboard_ContinueQuestion	\nCzy chcesz kontynuować?
$Clipboard_DeselectGunEquipped	Wyposażono broń do odznaczania. Strzel w zaznaczony obiekt, aby go odznaczyć.
$Clipboard_DestroyFinished	Zakończono przetwarzanie żądania zniszczenia.
$Clipboard_DestroyIncomplete	Niszczenie zatrzymano przed przetworzeniem wszystkich wybranych obiektów.
$Clipboard_DestroyOriginalCount	Pierwotnie zaznaczone: {0}
$Clipboard_DestroyQuestion	Czy chcesz je zniszczyć?
$Clipboard_DestroyScrapCount	Przekazano do złomowania: {0}
$Clipboard_DestroyWarning	Przedmiotów zniszczonych w ten sposób nie można odzyskać ani uzyskać z nich złomu.
$Clipboard_DimensionDepth	 Głębokość
$Clipboard_DimensionHeight	 Wysokość
$Clipboard_DimensionRadius	Promień
$Clipboard_DimensionWidth	 Szerokość
$Clipboard_DistanceInput	Podaj odległość od 1 do 9 999:
$Clipboard_DistanceInvalid	Nieprawidłowa odległość. Musi być liczbą od 1 do 9 999.
$Clipboard_ESP_AmmoSelection_FULL_0	Amunicja wyboru Clipboard
$Clipboard_ESP_AmmoSelection_ONAM_0	Amunicja wyboru
$Clipboard_ESP_ClipboardActOnSelection_FULL_0	Menu działań
$Clipboard_ESP_ClipboardActionSelectEmptyMessage_DESC_0	Wybierz działanie:
$Clipboard_ESP_ClipboardActionSelectEmptyMessage_ITXT_0	[ ANULUJ ]
$Clipboard_ESP_ClipboardActionSelectEmptyMessage_ITXT_1	Wklej z Clipboard
$Clipboard_ESP_ClipboardActionSelectEmptyMessage_ITXT_2	Pokaż listę wtyczek użytych we wzorcu
$Clipboard_ESP_ClipboardActionSelectEmptyMessage_ITXT_3	Przenieś do źródłowej lokalizacji wzorca
$Clipboard_ESP_ClipboardActionSelectEmptyMessage_ITXT_4	Pokaż koszt komponentów wzorca
$Clipboard_ESP_ClipboardActionSelectMessage_DESC_0	Wybierz działanie do wykonania:
$Clipboard_ESP_ClipboardActionSelectMessage_ITXT_0	[ ANULUJ ]
$Clipboard_ESP_ClipboardActionSelectMessage_ITXT_1	Kopiuj do Clipboard
$Clipboard_ESP_ClipboardActionSelectMessage_ITXT_10	Wyświetl listę wtyczek użytych we wzorcu
$Clipboard_ESP_ClipboardActionSelectMessage_ITXT_11	Przenieś do źródłowej lokalizacji wzorca
$Clipboard_ESP_ClipboardActionSelectMessage_ITXT_12	Pokaż koszt komponentów zaznaczenia
$Clipboard_ESP_ClipboardActionSelectMessage_ITXT_13	Pokaż koszt komponentów wzorca
$Clipboard_ESP_ClipboardActionSelectMessage_ITXT_2	Wklej z Clipboard
$Clipboard_ESP_ClipboardActionSelectMessage_ITXT_3	Zniszcz
$Clipboard_ESP_ClipboardActionSelectMessage_ITXT_4	Obróć
$Clipboard_ESP_ClipboardActionSelectMessage_ITXT_5	Przesuń
$Clipboard_ESP_ClipboardActionSelectMessage_ITXT_6	Zmień skalę
$Clipboard_ESP_ClipboardActionSelectMessage_ITXT_7	Usuń właściciela
$Clipboard_ESP_ClipboardActionSelectMessage_ITXT_8	Wyświetl szczegóły zaznaczenia
$Clipboard_ESP_ClipboardActionSelectMessage_ITXT_9	Wyświetl listę wtyczek użytych w zaznaczeniu
$Clipboard_ESP_ClipboardButtonNuke_FULL_0	Narzędzie Clipboard
$Clipboard_ESP_ClipboardButtonPole_FULL_0	Narzędzie Clipboard
$Clipboard_ESP_ClipboardButtonStand_ATTX_0	Naciśnij
$Clipboard_ESP_ClipboardButtonStand_FULL_0	Narzędzie Clipboard
$Clipboard_ESP_ClipboardChangeSelectionMethod_FULL_0	Zmień metodę zaznaczania
$Clipboard_ESP_ClipboardClearSelection_FULL_0	Wyczyść wybór
$Clipboard_ESP_ClipboardCopyPylon_FULL_0	Narzędzie Clipboard
$Clipboard_ESP_ClipboardCopyTo_FULL_0	Kopiuj do Clipboard
$Clipboard_ESP_ClipboardDestoryTool_FULL_0	Zniszcz narzędzie
$Clipboard_ESP_ClipboardHotkeyMenuAreaMessage_DESC_0	<b><u>Szybkie menu narzędzia Clipboard</u></b>\r\n \r\n<u>Podsumowanie zaznaczenia</u>\r\nObiekty: <Alias=Slot1State>\r\nPrzewody: <Alias=Slot2State>\r\nWtyczki: <Alias=Slot3State>\r\nMetoda: <Alias=Slot4State>
$Clipboard_ESP_ClipboardHotkeyMenuAreaMessage_ITXT_0	[ ANULUJ ]
$Clipboard_ESP_ClipboardHotkeyMenuAreaMessage_ITXT_1	Pokaż menu akcji
$Clipboard_ESP_ClipboardHotkeyMenuAreaMessage_ITXT_2	Zmień metodę zaznaczania
$Clipboard_ESP_ClipboardHotkeyMenuAreaMessage_ITXT_3	Rozpocznij skanowanie zaznaczenia
$Clipboard_ESP_ClipboardHotkeyMenuAreaMessage_ITXT_4	Wyczyść zaznaczenie
$Clipboard_ESP_ClipboardHotkeyMenuAreaMessage_ITXT_5	Zniszcz narzędzie
$Clipboard_ESP_ClipboardHotkeyMenuAreaMessage_ITXT_6	Przenieś do narzędzia
$Clipboard_ESP_ClipboardHotkeyMenuManualMessage_DESC_0	<b><u>Szybkie menu narzędzia Clipboard</u></b>\r\n \r\n<u>Podsumowanie zaznaczenia</u>\r\nObiekty: <Alias=Slot1State>\r\nPrzewody: <Alias=Slot2State>\r\nWtyczki: <Alias=Slot3State>\r\nMetoda: <Alias=Slot4State>
$Clipboard_ESP_ClipboardHotkeyMenuManualMessage_ITXT_0	[ ANULUJ ]
$Clipboard_ESP_ClipboardHotkeyMenuManualMessage_ITXT_1	Pokaż menu działań
$Clipboard_ESP_ClipboardHotkeyMenuManualMessage_ITXT_2	Zmień metodę zaznaczania
$Clipboard_ESP_ClipboardHotkeyMenuManualMessage_ITXT_3	Przełącz zaznaczanie / odznaczanie
$Clipboard_ESP_ClipboardHotkeyMenuManualMessage_ITXT_4	Wyczyść zaznaczenie
$Clipboard_ESP_ClipboardHotkeyMenuManualMessage_ITXT_5	Zniszcz narzędzie
$Clipboard_ESP_ClipboardHotkeyMenuManualMessage_ITXT_6	Przenieś do narzędzia
$Clipboard_ESP_ClipboardHotkeyMenuMessage_DESC_0	<b><u>Szybkie menu narzędzia Clipboard</u></b>\r\n \r\n<u>Podsumowanie zaznaczenia</u>\r\nObiekty: <Alias=Slot1State>\r\nPrzewody: <Alias=Slot2State>\r\nWtyczki: <Alias=Slot3State>\r\nMetoda: <Alias=Slot4State>
$Clipboard_ESP_ClipboardHotkeyMenuMessage_ITXT_0	[ ANULUJ ]
$Clipboard_ESP_ClipboardHotkeyMenuMessage_ITXT_1	Pokaż menu akcji
$Clipboard_ESP_ClipboardHotkeyMenuMessage_ITXT_2	Zmień metodę zaznaczania
$Clipboard_ESP_ClipboardHotkeyMenuMessage_ITXT_3	Wyczyść zaznaczenie
$Clipboard_ESP_ClipboardHotkeyMenuMessage_ITXT_4	Zniszcz narzędzie
$Clipboard_ESP_ClipboardHotkeyMenuMessage_ITXT_5	Przenieś do narzędzia
$Clipboard_ESP_ClipboardInformMessage_DESC_0	<Alias=Slot1State>\r\n<Alias=Slot2State>\r\n<Alias=Slot3State>\r\n<Alias=Slot4State>\r\n<Alias=Slot5State>
$Clipboard_ESP_ClipboardInformMessage_ITXT_0	OK
$Clipboard_ESP_ClipboardInitiateSelection_FULL_0	Rozpocznij skanowanie wyboru
$Clipboard_ESP_ClipboardLabel1_FULL_0	Etykieta1
$Clipboard_ESP_ClipboardLabel2_FULL_0	Etykieta2
$Clipboard_ESP_ClipboardLabel3_FULL_0	Etykieta3
$Clipboard_ESP_ClipboardLabel4_FULL_0	Etykieta4
$Clipboard_ESP_ClipboardLabel5_FULL_0	Etykieta5
$Clipboard_ESP_ClipboardListPick1Message_DESC_0	<b><u>Wybór Clipboard <Alias=Slot1State></u></b>\r\n\r\n <Alias=Slot2State>
$Clipboard_ESP_ClipboardListPick1Message_FULL_0	Wybierz stronę Clipboard
$Clipboard_ESP_ClipboardListPick1Message_ITXT_0	[ ANULUJ ]
$Clipboard_ESP_ClipboardListPick1Message_ITXT_1	1
$Clipboard_ESP_ClipboardListPick2Message_DESC_0	<b><u>Wybór Clipboard <Alias=Slot1State></u></b>\r\n\r\n <Alias=Slot2State>
$Clipboard_ESP_ClipboardListPick2Message_FULL_0	Wybierz stronę Clipboard
$Clipboard_ESP_ClipboardListPick2Message_ITXT_0	[ ANULUJ ]
$Clipboard_ESP_ClipboardListPick2Message_ITXT_1	1
$Clipboard_ESP_ClipboardListPick2Message_ITXT_2	2
$Clipboard_ESP_ClipboardListPick3Message_DESC_0	<b><u>Wybór Clipboard <Alias=Slot1State></u></b>\r\n\r\n <Alias=Slot2State>
$Clipboard_ESP_ClipboardListPick3Message_FULL_0	Wybierz stronę Clipboard
$Clipboard_ESP_ClipboardListPick3Message_ITXT_0	[ ANULUJ ]
$Clipboard_ESP_ClipboardListPick3Message_ITXT_1	1
$Clipboard_ESP_ClipboardListPick3Message_ITXT_2	2
$Clipboard_ESP_ClipboardListPick3Message_ITXT_3	3
$Clipboard_ESP_ClipboardListPick4Message_DESC_0	<b><u>Wybór Clipboard <Alias=Slot1State></u></b>\r\n\r\n <Alias=Slot2State>
$Clipboard_ESP_ClipboardListPick4Message_FULL_0	Wybierz stronę Clipboard
$Clipboard_ESP_ClipboardListPick4Message_ITXT_0	[ ANULUJ ]
$Clipboard_ESP_ClipboardListPick4Message_ITXT_1	1
$Clipboard_ESP_ClipboardListPick4Message_ITXT_2	2
$Clipboard_ESP_ClipboardListPick4Message_ITXT_3	3
$Clipboard_ESP_ClipboardListPick4Message_ITXT_4	4
$Clipboard_ESP_ClipboardListPick5Message_DESC_0	<b><u>Wybór Clipboard <Alias=Slot1State></u></b>\r\n\r\n <Alias=Slot2State>
$Clipboard_ESP_ClipboardListPick5Message_FULL_0	Wybierz stronę Clipboard
$Clipboard_ESP_ClipboardListPick5Message_ITXT_0	[ ANULUJ ]
$Clipboard_ESP_ClipboardListPick5Message_ITXT_1	1
$Clipboard_ESP_ClipboardListPick5Message_ITXT_2	2
$Clipboard_ESP_ClipboardListPick5Message_ITXT_3	3
$Clipboard_ESP_ClipboardListPick5Message_ITXT_4	4
$Clipboard_ESP_ClipboardListPick5Message_ITXT_5	5
$Clipboard_ESP_ClipboardListPick6Message_DESC_0	<b><u>Wybór Clipboard <Alias=Slot1State></u></b>\r\n\r\n <Alias=Slot2State>
$Clipboard_ESP_ClipboardListPick6Message_FULL_0	Wybierz stronę Clipboard
$Clipboard_ESP_ClipboardListPick6Message_ITXT_0	[ ANULUJ ]
$Clipboard_ESP_ClipboardListPick6Message_ITXT_1	1
$Clipboard_ESP_ClipboardListPick6Message_ITXT_2	2
$Clipboard_ESP_ClipboardListPick6Message_ITXT_3	3
$Clipboard_ESP_ClipboardListPick6Message_ITXT_4	4
$Clipboard_ESP_ClipboardListPick6Message_ITXT_5	5
$Clipboard_ESP_ClipboardListPick6Message_ITXT_6	6
$Clipboard_ESP_ClipboardListPick7Message_DESC_0	<b><u>Wybór Clipboard <Alias=Slot1State></u></b>\r\n\r\n <Alias=Slot2State>
$Clipboard_ESP_ClipboardListPick7Message_FULL_0	Wybierz stronę Clipboard
$Clipboard_ESP_ClipboardListPick7Message_ITXT_0	[ ANULUJ ]
$Clipboard_ESP_ClipboardListPick7Message_ITXT_1	1
$Clipboard_ESP_ClipboardListPick7Message_ITXT_2	2
$Clipboard_ESP_ClipboardListPick7Message_ITXT_3	3
$Clipboard_ESP_ClipboardListPick7Message_ITXT_4	4
$Clipboard_ESP_ClipboardListPick7Message_ITXT_5	5
$Clipboard_ESP_ClipboardListPick7Message_ITXT_6	6
$Clipboard_ESP_ClipboardListPick7Message_ITXT_7	7
$Clipboard_ESP_ClipboardListPick8Message_DESC_0	<b><u>Wybór Clipboard <Alias=Slot1State></u></b>\r\n\r\n <Alias=Slot2State>
$Clipboard_ESP_ClipboardListPick8Message_FULL_0	Wybierz stronę Clipboard
$Clipboard_ESP_ClipboardListPick8Message_ITXT_0	[ ANULUJ ]
$Clipboard_ESP_ClipboardListPick8Message_ITXT_1	1
$Clipboard_ESP_ClipboardListPick8Message_ITXT_2	2
$Clipboard_ESP_ClipboardListPick8Message_ITXT_3	3
$Clipboard_ESP_ClipboardListPick8Message_ITXT_4	4
$Clipboard_ESP_ClipboardListPick8Message_ITXT_5	5
$Clipboard_ESP_ClipboardListPick8Message_ITXT_6	6
$Clipboard_ESP_ClipboardListPick8Message_ITXT_7	7
$Clipboard_ESP_ClipboardListPick8Message_ITXT_8	8
$Clipboard_ESP_ClipboardListPick9Message_DESC_0	<b><u>Wybór Clipboard <Alias=Slot1State></u></b>\r\n\r\n <Alias=Slot2State>
$Clipboard_ESP_ClipboardListPick9Message_FULL_0	Wybierz stronę Clipboard
$Clipboard_ESP_ClipboardListPick9Message_ITXT_0	[ ANULUJ ]
$Clipboard_ESP_ClipboardListPick9Message_ITXT_1	1
$Clipboard_ESP_ClipboardListPick9Message_ITXT_2	2
$Clipboard_ESP_ClipboardListPick9Message_ITXT_3	3
$Clipboard_ESP_ClipboardListPick9Message_ITXT_4	4
$Clipboard_ESP_ClipboardListPick9Message_ITXT_5	5
$Clipboard_ESP_ClipboardListPick9Message_ITXT_6	6
$Clipboard_ESP_ClipboardListPick9Message_ITXT_7	7
$Clipboard_ESP_ClipboardListPick9Message_ITXT_8	8
$Clipboard_ESP_ClipboardListPick9Message_ITXT_9	9
$Clipboard_ESP_ClipboardListPickMessage_DESC_0	<b><u>Wybór Clipboard <Alias=Slot1State></u></b>\r\n\r\n <Alias=Slot2State>
$Clipboard_ESP_ClipboardListPickMessage_FULL_0	Wybierz stronę Clipboard
$Clipboard_ESP_ClipboardListPickMessage_ITXT_0	[ ANULUJ ]
$Clipboard_ESP_ClipboardListPickMessage_ITXT_1	1
$Clipboard_ESP_ClipboardListPickMessage_ITXT_10	10
$Clipboard_ESP_ClipboardListPickMessage_ITXT_2	2
$Clipboard_ESP_ClipboardListPickMessage_ITXT_3	3
$Clipboard_ESP_ClipboardListPickMessage_ITXT_4	4
$Clipboard_ESP_ClipboardListPickMessage_ITXT_5	5
$Clipboard_ESP_ClipboardListPickMessage_ITXT_6	6
$Clipboard_ESP_ClipboardListPickMessage_ITXT_7	7
$Clipboard_ESP_ClipboardListPickMessage_ITXT_8	8
$Clipboard_ESP_ClipboardListPickMessage_ITXT_9	9
$Clipboard_ESP_ClipboardListPickPagedMessage_DESC_0	<b><u>Wybór Clipboard <Alias=Slot1State>: %.0f-%.0f</u></b>\r\n\r\n<Alias=Slot2State>
$Clipboard_ESP_ClipboardListPickPagedMessage_FULL_0	Wybierz stronę Clipboard
$Clipboard_ESP_ClipboardListPickPagedMessage_ITXT_0	[ ANULUJ ]
$Clipboard_ESP_ClipboardListPickPagedMessage_ITXT_1	[ POPRZEDNIA ]
$Clipboard_ESP_ClipboardListPickPagedMessage_ITXT_10	8
$Clipboard_ESP_ClipboardListPickPagedMessage_ITXT_11	9
$Clipboard_ESP_ClipboardListPickPagedMessage_ITXT_12	10
$Clipboard_ESP_ClipboardListPickPagedMessage_ITXT_2	[ NASTĘPNA ]
$Clipboard_ESP_ClipboardListPickPagedMessage_ITXT_3	1
$Clipboard_ESP_ClipboardListPickPagedMessage_ITXT_4	2
$Clipboard_ESP_ClipboardListPickPagedMessage_ITXT_5	3
$Clipboard_ESP_ClipboardListPickPagedMessage_ITXT_6	4
$Clipboard_ESP_ClipboardListPickPagedMessage_ITXT_7	5
$Clipboard_ESP_ClipboardListPickPagedMessage_ITXT_8	6
$Clipboard_ESP_ClipboardListPickPagedMessage_ITXT_9	7
$Clipboard_ESP_ClipboardManager_FULL_0	Menedżer Clipboard
$Clipboard_ESP_ClipboardMissingPluginsMessage_DESC_0	Brakuje wymaganych wtyczek!\r\n \r\n<Alias=Slot1State>\r\n<Alias=Slot2State>\r\n<Alias=Slot3State>\r\n<Alias=Slot4State>\r\n<Alias=Slot5State>\r\n\r\nCzy mimo to chcesz kontynuować?
$Clipboard_ESP_ClipboardMissingPluginsMessage_ITXT_0	Nie
$Clipboard_ESP_ClipboardMissingPluginsMessage_ITXT_1	Tak
$Clipboard_ESP_ClipboardMoveAmountSelectMessage_DESC_0	Przesuń o:
$Clipboard_ESP_ClipboardMoveAmountSelectMessage_ITXT_0	1
$Clipboard_ESP_ClipboardMoveAmountSelectMessage_ITXT_1	2
$Clipboard_ESP_ClipboardMoveAmountSelectMessage_ITXT_2	4
$Clipboard_ESP_ClipboardMoveAmountSelectMessage_ITXT_3	8
$Clipboard_ESP_ClipboardMoveAmountSelectMessage_ITXT_4	16
$Clipboard_ESP_ClipboardMoveAmountSelectMessage_ITXT_5	32
$Clipboard_ESP_ClipboardMoveAmountSelectMessage_ITXT_6	64
$Clipboard_ESP_ClipboardMoveAmountSelectMessage_ITXT_7	128
$Clipboard_ESP_ClipboardMoveAmountSelectMessage_ITXT_8	256
$Clipboard_ESP_ClipboardMoveAmountSelectMessage_ITXT_9	512
$Clipboard_ESP_ClipboardMoveDirectionSelectMessage_DESC_0	Kierunek przesunięcia:
$Clipboard_ESP_ClipboardMoveDirectionSelectMessage_ITXT_0	W lewo
$Clipboard_ESP_ClipboardMoveDirectionSelectMessage_ITXT_1	W prawo
$Clipboard_ESP_ClipboardMoveDirectionSelectMessage_ITXT_2	W górę
$Clipboard_ESP_ClipboardMoveDirectionSelectMessage_ITXT_3	W dół
$Clipboard_ESP_ClipboardMoveDirectionSelectMessage_ITXT_4	Do przodu
$Clipboard_ESP_ClipboardMoveDirectionSelectMessage_ITXT_5	Do tyłu
$Clipboard_ESP_ClipboardMoveOnto_FULL_0	Przejdź na platformę
$Clipboard_ESP_ClipboardNotYetImplemented_DESC_0	Jeszcze nie zaimplementowano
$Clipboard_ESP_ClipboardNotYetImplemented_ITXT_0	OK
$Clipboard_ESP_ClipboardPage1SelectMessage_DESC_0	<b><u>Wybór strony Clipboard: 1-100</u></b>\r\n \r\nPOPRZEDNIA: 401-500\r\nNASTĘPNA: 101-200\r\n\r\n<Alias=Slot1State>
$Clipboard_ESP_ClipboardPage1SelectMessage_FULL_0	Wybierz stronę Clipboard
$Clipboard_ESP_ClipboardPage1SelectMessage_ITXT_0	[ ANULUJ ]
$Clipboard_ESP_ClipboardPage1SelectMessage_ITXT_1	[ POPRZEDNIA ]
$Clipboard_ESP_ClipboardPage1SelectMessage_ITXT_10	71 - 80
$Clipboard_ESP_ClipboardPage1SelectMessage_ITXT_11	81 - 90
$Clipboard_ESP_ClipboardPage1SelectMessage_ITXT_12	91 - 100
$Clipboard_ESP_ClipboardPage1SelectMessage_ITXT_2	[ NASTĘPNA ]
$Clipboard_ESP_ClipboardPage1SelectMessage_ITXT_3	1 - 10
$Clipboard_ESP_ClipboardPage1SelectMessage_ITXT_4	11 - 20
$Clipboard_ESP_ClipboardPage1SelectMessage_ITXT_5	21 - 30
$Clipboard_ESP_ClipboardPage1SelectMessage_ITXT_6	31 - 40
$Clipboard_ESP_ClipboardPage1SelectMessage_ITXT_7	41 - 50
$Clipboard_ESP_ClipboardPage1SelectMessage_ITXT_8	51 - 60
$Clipboard_ESP_ClipboardPage1SelectMessage_ITXT_9	61 - 70
$Clipboard_ESP_ClipboardPage2SelectMessage_DESC_0	<b><u>Wybór strony Clipboard: 101-200</u></b>\r\n\r\nPOPRZEDNIA: 1-100\r\nNASTĘPNA: 201-300\r\n\r\n<Alias=Slot1State>
$Clipboard_ESP_ClipboardPage2SelectMessage_FULL_0	Wybierz stronę Clipboard
$Clipboard_ESP_ClipboardPage2SelectMessage_ITXT_0	[ ANULUJ ]
$Clipboard_ESP_ClipboardPage2SelectMessage_ITXT_1	[ POPRZEDNIA ]
$Clipboard_ESP_ClipboardPage2SelectMessage_ITXT_10	171 - 180
$Clipboard_ESP_ClipboardPage2SelectMessage_ITXT_11	181 - 190
$Clipboard_ESP_ClipboardPage2SelectMessage_ITXT_12	191 - 200
$Clipboard_ESP_ClipboardPage2SelectMessage_ITXT_2	[ NASTĘPNA ]
$Clipboard_ESP_ClipboardPage2SelectMessage_ITXT_3	101 - 110
$Clipboard_ESP_ClipboardPage2SelectMessage_ITXT_4	111 - 120
$Clipboard_ESP_ClipboardPage2SelectMessage_ITXT_5	121 - 130
$Clipboard_ESP_ClipboardPage2SelectMessage_ITXT_6	131 - 140
$Clipboard_ESP_ClipboardPage2SelectMessage_ITXT_7	141 - 150
$Clipboard_ESP_ClipboardPage2SelectMessage_ITXT_8	151 - 160
$Clipboard_ESP_ClipboardPage2SelectMessage_ITXT_9	161 - 170
$Clipboard_ESP_ClipboardPage3SelectMessage_DESC_0	<b><u>Wybór strony Clipboard: 201-300</u></b>\r\n\r\nPOPRZEDNIA: 101-200\r\nNASTĘPNA: 301-400\r\n\r\n<Alias=Slot1State>
$Clipboard_ESP_ClipboardPage3SelectMessage_FULL_0	Wybierz stronę Clipboard
$Clipboard_ESP_ClipboardPage3SelectMessage_ITXT_0	[ ANULUJ ]
$Clipboard_ESP_ClipboardPage3SelectMessage_ITXT_1	[ POPRZEDNIA ]
$Clipboard_ESP_ClipboardPage3SelectMessage_ITXT_10	271 - 280
$Clipboard_ESP_ClipboardPage3SelectMessage_ITXT_11	281 - 290
$Clipboard_ESP_ClipboardPage3SelectMessage_ITXT_12	291 - 300
$Clipboard_ESP_ClipboardPage3SelectMessage_ITXT_2	[ NASTĘPNA ]
$Clipboard_ESP_ClipboardPage3SelectMessage_ITXT_3	201 - 210
$Clipboard_ESP_ClipboardPage3SelectMessage_ITXT_4	211 - 220
$Clipboard_ESP_ClipboardPage3SelectMessage_ITXT_5	221 - 230
$Clipboard_ESP_ClipboardPage3SelectMessage_ITXT_6	231 - 240
$Clipboard_ESP_ClipboardPage3SelectMessage_ITXT_7	241 - 250
$Clipboard_ESP_ClipboardPage3SelectMessage_ITXT_8	251 - 260
$Clipboard_ESP_ClipboardPage3SelectMessage_ITXT_9	261 - 270
$Clipboard_ESP_ClipboardPage4SelectMessage_DESC_0	<b><u>Wybór strony Clipboard: 301-400</u></b>\r\n\r\nPOPRZEDNIA: 201-300\r\nNASTĘPNA: 401-500\r\n\r\n<Alias=Slot1State>
$Clipboard_ESP_ClipboardPage4SelectMessage_FULL_0	Wybierz stronę Clipboard
$Clipboard_ESP_ClipboardPage4SelectMessage_ITXT_0	[ ANULUJ ]
$Clipboard_ESP_ClipboardPage4SelectMessage_ITXT_1	[ POPRZEDNIA ]
$Clipboard_ESP_ClipboardPage4SelectMessage_ITXT_10	371 - 380
$Clipboard_ESP_ClipboardPage4SelectMessage_ITXT_11	381 - 390
$Clipboard_ESP_ClipboardPage4SelectMessage_ITXT_12	391 - 400
$Clipboard_ESP_ClipboardPage4SelectMessage_ITXT_2	[ NASTĘPNA ]
$Clipboard_ESP_ClipboardPage4SelectMessage_ITXT_3	301 - 310
$Clipboard_ESP_ClipboardPage4SelectMessage_ITXT_4	311 - 320
$Clipboard_ESP_ClipboardPage4SelectMessage_ITXT_5	321 - 330
$Clipboard_ESP_ClipboardPage4SelectMessage_ITXT_6	331 - 340
$Clipboard_ESP_ClipboardPage4SelectMessage_ITXT_7	341 - 350
$Clipboard_ESP_ClipboardPage4SelectMessage_ITXT_8	351 - 360
$Clipboard_ESP_ClipboardPage4SelectMessage_ITXT_9	361 - 370
$Clipboard_ESP_ClipboardPage5SelectMessage_DESC_0	<b><u>Wybór strony Clipboard: 401-500</u></b>\r\n\r\nPOPRZEDNIA: 301-400\r\nNASTĘPNA: 1-100\r\n\r\n<Alias=Slot1State>
$Clipboard_ESP_ClipboardPage5SelectMessage_FULL_0	Wybierz stronę Clipboard
$Clipboard_ESP_ClipboardPage5SelectMessage_ITXT_0	[ ANULUJ ]
$Clipboard_ESP_ClipboardPage5SelectMessage_ITXT_1	[ POPRZEDNIA ]
$Clipboard_ESP_ClipboardPage5SelectMessage_ITXT_10	471 - 480
$Clipboard_ESP_ClipboardPage5SelectMessage_ITXT_11	481 - 490
$Clipboard_ESP_ClipboardPage5SelectMessage_ITXT_12	491 - 500
$Clipboard_ESP_ClipboardPage5SelectMessage_ITXT_2	[ NASTĘPNA ]
$Clipboard_ESP_ClipboardPage5SelectMessage_ITXT_3	401 - 410
$Clipboard_ESP_ClipboardPage5SelectMessage_ITXT_4	411 - 420
$Clipboard_ESP_ClipboardPage5SelectMessage_ITXT_5	421 - 430
$Clipboard_ESP_ClipboardPage5SelectMessage_ITXT_6	431 - 440
$Clipboard_ESP_ClipboardPage5SelectMessage_ITXT_7	441 - 450
$Clipboard_ESP_ClipboardPage5SelectMessage_ITXT_8	451 - 460
$Clipboard_ESP_ClipboardPage5SelectMessage_ITXT_9	461 - 470
$Clipboard_ESP_ClipboardProgessMessage_DESC_0	<Alias=Slot1State> %.0f (ukończono %.0f%%)
$Clipboard_ESP_ClipboardRotationAmountMessage_DESC_0	Kąt obrotu:
$Clipboard_ESP_ClipboardRotationAmountMessage_ITXT_0	1°
$Clipboard_ESP_ClipboardRotationAmountMessage_ITXT_1	5°
$Clipboard_ESP_ClipboardRotationAmountMessage_ITXT_2	10°
$Clipboard_ESP_ClipboardRotationAmountMessage_ITXT_3	15°
$Clipboard_ESP_ClipboardRotationAmountMessage_ITXT_4	30°
$Clipboard_ESP_ClipboardRotationAmountMessage_ITXT_5	45°
$Clipboard_ESP_ClipboardRotationAmountMessage_ITXT_6	60°
$Clipboard_ESP_ClipboardRotationAmountMessage_ITXT_7	90°
$Clipboard_ESP_ClipboardRotationAmountMessage_ITXT_8	120°
$Clipboard_ESP_ClipboardRotationAmountMessage_ITXT_9	180°
$Clipboard_ESP_ClipboardRotationSelectMessage_DESC_0	Typ obrotu:
$Clipboard_ESP_ClipboardRotationSelectMessage_ITXT_0	Zgodnie z ruchem wskazówek zegara (wokół środka zaznaczenia)
$Clipboard_ESP_ClipboardRotationSelectMessage_ITXT_1	Przeciwnie do ruchu wskazówek zegara (wokół środka zaznaczenia)
$Clipboard_ESP_ClipboardRotationSelectMessage_ITXT_2	Zgodnie z ruchem wskazówek zegara (wokół narzędzia Clipboard)
$Clipboard_ESP_ClipboardRotationSelectMessage_ITXT_3	Przeciwnie do ruchu wskazówek zegara (wokół narzędzia Clipboard)
$Clipboard_ESP_ClipboardScaleDownAmountMessage_DESC_0	Zmniejsz rozmiar o:
$Clipboard_ESP_ClipboardScaleDownAmountMessage_ITXT_0	1%
$Clipboard_ESP_ClipboardScaleDownAmountMessage_ITXT_1	5%
$Clipboard_ESP_ClipboardScaleDownAmountMessage_ITXT_2	10%
$Clipboard_ESP_ClipboardScaleDownAmountMessage_ITXT_3	25%
$Clipboard_ESP_ClipboardScaleDownAmountMessage_ITXT_4	50%
$Clipboard_ESP_ClipboardScaleDownAmountMessage_ITXT_5	75%
$Clipboard_ESP_ClipboardScaleDownAmountMessage_ITXT_6	90%
$Clipboard_ESP_ClipboardScaleTypeSelectMessage_ITXT_0	Powiększ (jako całość)
$Clipboard_ESP_ClipboardScaleTypeSelectMessage_ITXT_1	Pomniejsz (jako całość)
$Clipboard_ESP_ClipboardScaleTypeSelectMessage_ITXT_2	Przywróć pierwotny rozmiar (jako całość)
$Clipboard_ESP_ClipboardScaleTypeSelectMessage_ITXT_3	Powiększ (osobno)
$Clipboard_ESP_ClipboardScaleTypeSelectMessage_ITXT_4	Pomniejsz (osobno)
$Clipboard_ESP_ClipboardScaleTypeSelectMessage_ITXT_5	Przywróć pierwotny rozmiar (osobno)
$Clipboard_ESP_ClipboardScaleUpAmountMessage_DESC_0	Zwiększ rozmiar o:\r\n\r\n(Pojedyncze obiekty przestaną być skalowane po osiągnięciu 10x pierwotnego rozmiaru)
$Clipboard_ESP_ClipboardScaleUpAmountMessage_ITXT_0	5%
$Clipboard_ESP_ClipboardScaleUpAmountMessage_ITXT_1	10%
$Clipboard_ESP_ClipboardScaleUpAmountMessage_ITXT_2	25%
$Clipboard_ESP_ClipboardScaleUpAmountMessage_ITXT_3	50%
$Clipboard_ESP_ClipboardScaleUpAmountMessage_ITXT_4	100%
$Clipboard_ESP_ClipboardScaleUpAmountMessage_ITXT_5	200%
$Clipboard_ESP_ClipboardScaleUpAmountMessage_ITXT_6	500%
$Clipboard_ESP_ClipboardSelectionGun_FULL_0	Pistolet wyboru Clipboard
$Clipboard_ESP_ClipboardSelectionGun_FULL_1	Domyślny epicki
$Clipboard_ESP_ClipboardSelectionMethodAll_FULL_0	Clipboard: metoda wyboru — wszystko
$Clipboard_ESP_ClipboardSelectionMethodBox_FULL_0	Clipboard: metoda wyboru — prostopadłościan
$Clipboard_ESP_ClipboardSelectionMethodByCell_FULL_0	Clipboard: metoda wyboru według komórki
$Clipboard_ESP_ClipboardSelectionMethodByPlugin_FULL_0	Clipboard: metoda wyboru według wtyczki
$Clipboard_ESP_ClipboardSelectionMethodCylinder_FULL_0	Clipboard: metoda wyboru — walec
$Clipboard_ESP_ClipboardSelectionMethodGun_FULL_0	Clipboard: metoda wyboru — pistolet
$Clipboard_ESP_ClipboardSelectionMethodSphere_FULL_0	Clipboard: metoda wyboru — kula
$Clipboard_ESP_ClipboardSelectionMethods_FULL_0	Metody wyboru Clipboard
$Clipboard_ESP_ClipboardSelectionWeaponEnchantment_FULL_0	Ulepszenie wyboru
$Clipboard_ESP_ClipboardSelectionWeaponHitEffect_FULL_0	Efekt trafienia wyboru
$Clipboard_ESP_ClipboardSetSelectionSize_FULL_0	Ustaw rozmiar wyboru
$Clipboard_ESP_ClipboardShapeSelectMessage_DESC_0	<b><u>Metody wyboru Clipboard</u></b>
$Clipboard_ESP_ClipboardShapeSelectMessage_FULL_0	Wybierz metodę wyboru
$Clipboard_ESP_ClipboardShapeSelectMessage_ITXT_0	Kula
$Clipboard_ESP_ClipboardShapeSelectMessage_ITXT_1	Walec
$Clipboard_ESP_ClipboardShapeSelectMessage_ITXT_2	Prostopadłościan
$Clipboard_ESP_ClipboardShapeSelectMessage_ITXT_3	Ręcznie
$Clipboard_ESP_ClipboardShapeSelectMessage_ITXT_4	Wybierz wszystko
$Clipboard_ESP_ClipboardShapeSelectMessage_ITXT_5	Według wtyczki
$Clipboard_ESP_ClipboardShapeSelectMessage_ITXT_6	Według komórki
$Clipboard_ESP_ClipboardSizeMessage_DESC_0	Ustaw obszar zaznaczenia <Alias=Slot1State>
$Clipboard_ESP_ClipboardSizeMessage_ITXT_0	x1
$Clipboard_ESP_ClipboardSizeMessage_ITXT_1	x2
$Clipboard_ESP_ClipboardSizeMessage_ITXT_2	x3
$Clipboard_ESP_ClipboardSizeMessage_ITXT_3	x4
$Clipboard_ESP_ClipboardSizeMessage_ITXT_4	x5
$Clipboard_ESP_ClipboardSizeMessage_ITXT_5	x6
$Clipboard_ESP_ClipboardSizeMessage_ITXT_6	x7
$Clipboard_ESP_ClipboardSizeMessage_ITXT_7	x8
$Clipboard_ESP_ClipboardSizeMessage_ITXT_8	x9
$Clipboard_ESP_ClipboardSizeMessage_ITXT_9	x10
$Clipboard_ESP_ClipboardSlotSelectMessage_DESC_0	Wybór slotu Clipboard\r\nWyświetlane: %.0f–%.0f\r\n \r\n[1]: Slot %.0f: <Alias=Slot1State>\r\n[2]: Slot %.0f: <Alias=Slot2State>\r\n[3]: Slot %.0f: <Alias=Slot3State>\r\n[4]: Slot %.0f: <Alias=Slot4State>\r\n[5]: Slot %.0f: <Alias=Slot5State>
$Clipboard_ESP_ClipboardSlotSelectMessage_FULL_0	Wybierz slot Clipboard
$Clipboard_ESP_ClipboardSlotSelectMessage_ITXT_0	Poprzednia strona
$Clipboard_ESP_ClipboardSlotSelectMessage_ITXT_1	1
$Clipboard_ESP_ClipboardSlotSelectMessage_ITXT_2	2
$Clipboard_ESP_ClipboardSlotSelectMessage_ITXT_3	3
$Clipboard_ESP_ClipboardSlotSelectMessage_ITXT_4	4
$Clipboard_ESP_ClipboardSlotSelectMessage_ITXT_5	5
$Clipboard_ESP_ClipboardSlotSelectMessage_ITXT_6	Następna strona
$Clipboard_ESP_ClipboardSlotSelectPage10Message_DESC_0	<b><u>Wybór slotu Clipboard: <Alias=Slot1State> - <Alias=Slot2State></u></b>\r\n \r\n<Alias=Slot3State>
$Clipboard_ESP_ClipboardSlotSelectPage10Message_FULL_0	Wybierz slot Clipboard
$Clipboard_ESP_ClipboardSlotSelectPage10Message_ITXT_0	[ WSTECZ ]
$Clipboard_ESP_ClipboardSlotSelectPage10Message_ITXT_1	91
$Clipboard_ESP_ClipboardSlotSelectPage10Message_ITXT_10	100
$Clipboard_ESP_ClipboardSlotSelectPage10Message_ITXT_2	92
$Clipboard_ESP_ClipboardSlotSelectPage10Message_ITXT_3	93
$Clipboard_ESP_ClipboardSlotSelectPage10Message_ITXT_4	94
$Clipboard_ESP_ClipboardSlotSelectPage10Message_ITXT_5	95
$Clipboard_ESP_ClipboardSlotSelectPage10Message_ITXT_6	96
$Clipboard_ESP_ClipboardSlotSelectPage10Message_ITXT_7	97
$Clipboard_ESP_ClipboardSlotSelectPage10Message_ITXT_8	98
$Clipboard_ESP_ClipboardSlotSelectPage10Message_ITXT_9	99
$Clipboard_ESP_ClipboardSlotSelectPage1Message_DESC_0	<b><u>Wybór slotu Clipboard: <Alias=Slot1State> - <Alias=Slot2State></u></b>\r\n\r\n<Alias=Slot3State>
$Clipboard_ESP_ClipboardSlotSelectPage1Message_FULL_0	Wybierz slot Clipboard
$Clipboard_ESP_ClipboardSlotSelectPage1Message_ITXT_0	[ WSTECZ ]
$Clipboard_ESP_ClipboardSlotSelectPage1Message_ITXT_1	1
$Clipboard_ESP_ClipboardSlotSelectPage1Message_ITXT_10	10
$Clipboard_ESP_ClipboardSlotSelectPage1Message_ITXT_2	2
$Clipboard_ESP_ClipboardSlotSelectPage1Message_ITXT_3	3
$Clipboard_ESP_ClipboardSlotSelectPage1Message_ITXT_4	4
$Clipboard_ESP_ClipboardSlotSelectPage1Message_ITXT_5	5
$Clipboard_ESP_ClipboardSlotSelectPage1Message_ITXT_6	6
$Clipboard_ESP_ClipboardSlotSelectPage1Message_ITXT_7	7
$Clipboard_ESP_ClipboardSlotSelectPage1Message_ITXT_8	8
$Clipboard_ESP_ClipboardSlotSelectPage1Message_ITXT_9	9
$Clipboard_ESP_ClipboardSlotSelectPage2Message_DESC_0	<b><u>Wybór slotu Clipboard: <Alias=Slot1State> - <Alias=Slot2State></u></b>\r\n \r\n<Alias=Slot3State>
$Clipboard_ESP_ClipboardSlotSelectPage2Message_FULL_0	Wybierz slot Clipboard
$Clipboard_ESP_ClipboardSlotSelectPage2Message_ITXT_0	[ WSTECZ ]
$Clipboard_ESP_ClipboardSlotSelectPage2Message_ITXT_1	11
$Clipboard_ESP_ClipboardSlotSelectPage2Message_ITXT_10	20
$Clipboard_ESP_ClipboardSlotSelectPage2Message_ITXT_2	12
$Clipboard_ESP_ClipboardSlotSelectPage2Message_ITXT_3	13
$Clipboard_ESP_ClipboardSlotSelectPage2Message_ITXT_4	14
$Clipboard_ESP_ClipboardSlotSelectPage2Message_ITXT_5	15
$Clipboard_ESP_ClipboardSlotSelectPage2Message_ITXT_6	16
$Clipboard_ESP_ClipboardSlotSelectPage2Message_ITXT_7	17
$Clipboard_ESP_ClipboardSlotSelectPage2Message_ITXT_8	18
$Clipboard_ESP_ClipboardSlotSelectPage2Message_ITXT_9	19
$Clipboard_ESP_ClipboardSlotSelectPage3Message_DESC_0	<b><u>Wybór slotu Clipboard: <Alias=Slot1State> - <Alias=Slot2State></u></b>\r\n \r\n<Alias=Slot3State>
$Clipboard_ESP_ClipboardSlotSelectPage3Message_FULL_0	Wybierz slot Clipboard
$Clipboard_ESP_ClipboardSlotSelectPage3Message_ITXT_0	[ WSTECZ ]
$Clipboard_ESP_ClipboardSlotSelectPage3Message_ITXT_1	21
$Clipboard_ESP_ClipboardSlotSelectPage3Message_ITXT_10	30
$Clipboard_ESP_ClipboardSlotSelectPage3Message_ITXT_2	22
$Clipboard_ESP_ClipboardSlotSelectPage3Message_ITXT_3	23
$Clipboard_ESP_ClipboardSlotSelectPage3Message_ITXT_4	24
$Clipboard_ESP_ClipboardSlotSelectPage3Message_ITXT_5	25
$Clipboard_ESP_ClipboardSlotSelectPage3Message_ITXT_6	26
$Clipboard_ESP_ClipboardSlotSelectPage3Message_ITXT_7	27
$Clipboard_ESP_ClipboardSlotSelectPage3Message_ITXT_8	28
$Clipboard_ESP_ClipboardSlotSelectPage3Message_ITXT_9	29
$Clipboard_ESP_ClipboardSlotSelectPage4Message_DESC_0	<b><u>Wybór slotu Clipboard: <Alias=Slot1State> - <Alias=Slot2State></u></b>\r\n \r\n<Alias=Slot3State>
$Clipboard_ESP_ClipboardSlotSelectPage4Message_FULL_0	Wybierz slot Clipboard
$Clipboard_ESP_ClipboardSlotSelectPage4Message_ITXT_0	[ WSTECZ ]
$Clipboard_ESP_ClipboardSlotSelectPage4Message_ITXT_1	31
$Clipboard_ESP_ClipboardSlotSelectPage4Message_ITXT_10	40
$Clipboard_ESP_ClipboardSlotSelectPage4Message_ITXT_2	32
$Clipboard_ESP_ClipboardSlotSelectPage4Message_ITXT_3	33
$Clipboard_ESP_ClipboardSlotSelectPage4Message_ITXT_4	34
$Clipboard_ESP_ClipboardSlotSelectPage4Message_ITXT_5	35
$Clipboard_ESP_ClipboardSlotSelectPage4Message_ITXT_6	36
$Clipboard_ESP_ClipboardSlotSelectPage4Message_ITXT_7	37
$Clipboard_ESP_ClipboardSlotSelectPage4Message_ITXT_8	38
$Clipboard_ESP_ClipboardSlotSelectPage4Message_ITXT_9	39
$Clipboard_ESP_ClipboardSlotSelectPage5Message_DESC_0	<b><u>Wybór slotu Clipboard: <Alias=Slot1State> - <Alias=Slot2State></u></b>\r\n \r\n<Alias=Slot3State>
$Clipboard_ESP_ClipboardSlotSelectPage5Message_FULL_0	Wybierz slot Clipboard
$Clipboard_ESP_ClipboardSlotSelectPage5Message_ITXT_0	[ WSTECZ ]
$Clipboard_ESP_ClipboardSlotSelectPage5Message_ITXT_1	41
$Clipboard_ESP_ClipboardSlotSelectPage5Message_ITXT_10	50
$Clipboard_ESP_ClipboardSlotSelectPage5Message_ITXT_2	42
$Clipboard_ESP_ClipboardSlotSelectPage5Message_ITXT_3	43
$Clipboard_ESP_ClipboardSlotSelectPage5Message_ITXT_4	44
$Clipboard_ESP_ClipboardSlotSelectPage5Message_ITXT_5	45
$Clipboard_ESP_ClipboardSlotSelectPage5Message_ITXT_6	46
$Clipboard_ESP_ClipboardSlotSelectPage5Message_ITXT_7	47
$Clipboard_ESP_ClipboardSlotSelectPage5Message_ITXT_8	48
$Clipboard_ESP_ClipboardSlotSelectPage5Message_ITXT_9	49
$Clipboard_ESP_ClipboardSlotSelectPage6Message_DESC_0	<b><u>Wybór slotu Clipboard: <Alias=Slot1State> - <Alias=Slot2State></u></b>\r\n \r\n<Alias=Slot3State>
$Clipboard_ESP_ClipboardSlotSelectPage6Message_FULL_0	Wybierz slot Clipboard
$Clipboard_ESP_ClipboardSlotSelectPage6Message_ITXT_0	[ WSTECZ ]
$Clipboard_ESP_ClipboardSlotSelectPage6Message_ITXT_1	51
$Clipboard_ESP_ClipboardSlotSelectPage6Message_ITXT_10	60
$Clipboard_ESP_ClipboardSlotSelectPage6Message_ITXT_2	52
$Clipboard_ESP_ClipboardSlotSelectPage6Message_ITXT_3	53
$Clipboard_ESP_ClipboardSlotSelectPage6Message_ITXT_4	54
$Clipboard_ESP_ClipboardSlotSelectPage6Message_ITXT_5	55
$Clipboard_ESP_ClipboardSlotSelectPage6Message_ITXT_6	56
$Clipboard_ESP_ClipboardSlotSelectPage6Message_ITXT_7	57
$Clipboard_ESP_ClipboardSlotSelectPage6Message_ITXT_8	58
$Clipboard_ESP_ClipboardSlotSelectPage6Message_ITXT_9	59
$Clipboard_ESP_ClipboardSlotSelectPage7Message_DESC_0	<b><u>Wybór slotu Clipboard: <Alias=Slot1State> - <Alias=Slot2State></u></b>\r\n \r\n<Alias=Slot3State>
$Clipboard_ESP_ClipboardSlotSelectPage7Message_FULL_0	Wybierz slot Clipboard
$Clipboard_ESP_ClipboardSlotSelectPage7Message_ITXT_0	[ WSTECZ ]
$Clipboard_ESP_ClipboardSlotSelectPage7Message_ITXT_1	61
$Clipboard_ESP_ClipboardSlotSelectPage7Message_ITXT_10	70
$Clipboard_ESP_ClipboardSlotSelectPage7Message_ITXT_2	62
$Clipboard_ESP_ClipboardSlotSelectPage7Message_ITXT_3	63
$Clipboard_ESP_ClipboardSlotSelectPage7Message_ITXT_4	64
$Clipboard_ESP_ClipboardSlotSelectPage7Message_ITXT_5	65
$Clipboard_ESP_ClipboardSlotSelectPage7Message_ITXT_6	66
$Clipboard_ESP_ClipboardSlotSelectPage7Message_ITXT_7	67
$Clipboard_ESP_ClipboardSlotSelectPage7Message_ITXT_8	68
$Clipboard_ESP_ClipboardSlotSelectPage7Message_ITXT_9	69
$Clipboard_ESP_ClipboardSlotSelectPage8Message_DESC_0	<b><u>Wybór slotu Clipboard: <Alias=Slot1State> - <Alias=Slot2State></u></b>\r\n \r\n<Alias=Slot3State>
$Clipboard_ESP_ClipboardSlotSelectPage8Message_FULL_0	Wybierz slot Clipboard
$Clipboard_ESP_ClipboardSlotSelectPage8Message_ITXT_0	[ WSTECZ ]
$Clipboard_ESP_ClipboardSlotSelectPage8Message_ITXT_1	71
$Clipboard_ESP_ClipboardSlotSelectPage8Message_ITXT_10	80
$Clipboard_ESP_ClipboardSlotSelectPage8Message_ITXT_2	72
$Clipboard_ESP_ClipboardSlotSelectPage8Message_ITXT_3	73
$Clipboard_ESP_ClipboardSlotSelectPage8Message_ITXT_4	74
$Clipboard_ESP_ClipboardSlotSelectPage8Message_ITXT_5	75
$Clipboard_ESP_ClipboardSlotSelectPage8Message_ITXT_6	76
$Clipboard_ESP_ClipboardSlotSelectPage8Message_ITXT_7	77
$Clipboard_ESP_ClipboardSlotSelectPage8Message_ITXT_8	78
$Clipboard_ESP_ClipboardSlotSelectPage8Message_ITXT_9	79
$Clipboard_ESP_ClipboardSlotSelectPage9Message_DESC_0	<b><u>Wybór slotu Clipboard: <Alias=Slot1State> - <Alias=Slot2State></u></b>\r\n \r\n<Alias=Slot3State>
$Clipboard_ESP_ClipboardSlotSelectPage9Message_FULL_0	Wybierz slot Clipboard
$Clipboard_ESP_ClipboardSlotSelectPage9Message_ITXT_0	[ WSTECZ ]
$Clipboard_ESP_ClipboardSlotSelectPage9Message_ITXT_1	81
$Clipboard_ESP_ClipboardSlotSelectPage9Message_ITXT_10	90
$Clipboard_ESP_ClipboardSlotSelectPage9Message_ITXT_2	82
$Clipboard_ESP_ClipboardSlotSelectPage9Message_ITXT_3	83
$Clipboard_ESP_ClipboardSlotSelectPage9Message_ITXT_4	84
$Clipboard_ESP_ClipboardSlotSelectPage9Message_ITXT_5	85
$Clipboard_ESP_ClipboardSlotSelectPage9Message_ITXT_6	86
$Clipboard_ESP_ClipboardSlotSelectPage9Message_ITXT_7	87
$Clipboard_ESP_ClipboardSlotSelectPage9Message_ITXT_8	88
$Clipboard_ESP_ClipboardSlotSelectPage9Message_ITXT_9	89
$Clipboard_ESP_ClipboardStatusMessage_DESC_0	<Alias=Slot1State>
$Clipboard_ESP_ClipboardToggleSelectDeselect_FULL_0	Przełącz wybór/odznaczenie
$Clipboard_ESP_ClipboardYesNoMessage_DESC_0	<Alias=Slot1State>\r\n<Alias=Slot2State>\r\n<Alias=Slot3State>\r\n<Alias=Slot4State>\r\n<Alias=Slot5State>
$Clipboard_ESP_ClipboardYesNoMessage_ITXT_0	Nie
$Clipboard_ESP_ClipboardYesNoMessage_ITXT_1	Tak
$Clipboard_ESP_WorkshopRecipeFilterQuest_FULL_0	Specjalne / Clipboard
$Clipboard_ESP_clipboardMenuManager_FULL_0	Clipboard
$Clipboard_ESP_clipboardMenuManager_NNAM_0	Clipboard
$Clipboard_ESP_workshop_co_ClipboardCopyPylon_DESC_0	Wybieraj i manipuluj obiektami Warsztatu. Zarządzaj wzorcami Clipboard.
$Clipboard_EmptySlot	Pusty
$Clipboard_EnterWorkshopMode	Czy chcesz najpierw wejść w tryb warsztatu?\n\n(Obiekty widoczne tylko w trybie warsztatu zostaną w przeciwnym razie zignorowane.)
$Clipboard_GrabDeselected	 Odznaczono przez chwycenie: {0}
$Clipboard_GrabSelected	 Zaznaczono przez chwycenie: {0}
$Clipboard_GroupDeselectedCount	Odznaczone obiekty: {0}.
$Clipboard_GroupDeselectionComplete	<b><u>Zakończono odznaczanie grupy</u></b>
$Clipboard_GroupSelectedCount	Zaznaczone obiekty: {0}.
$Clipboard_GroupSelectionComplete	<b><u>Zakończono zaznaczanie grupy</u></b>
$Clipboard_ImportingObjects	Clipboard: Importowanie obiektów...
$Clipboard_InputAccept	Akceptuj
$Clipboard_InputCancel	Anuluj
$Clipboard_InputControllerHelp	Krzyżak: wybór | A: wpisz | B: anuluj | X: usuń | Y: wielkość liter | Start: zatwierdź
$Clipboard_InputInvalid	Wprowadź prawidłową wartość o dozwolonej długości i w dozwolonym zakresie.
$Clipboard_ListNextPage	NASTĘPNE: {0}-{1}\n\n
$Clipboard_ListPreviousPage	POPRZEDNIE: {0}-{1}\n
$Clipboard_ListSelectionInvalid	Nieprawidłowy wybór. Wybierz prawidłową pozycję z „{0}”.
$Clipboard_MCM_CleanUpOldPlatforms_Help	Usuwa pozostałości zniszczonych platform Clipboard. Najpierw zniszcz wszystkie pozostałe platformy i utwórz zapasowy zapis gry. Zamknij menu, aby kontynuować.
$Clipboard_MCM_CleanUpOldPlatforms_Text	Usuń pozostałości starych platform
$Clipboard_MCM_DisplayName	Clipboard
$Clipboard_MCM_Keybind_activateActionMenuBtn	Pokaż menu akcji
$Clipboard_MCM_Keybind_activateActionQuickBtn	Pokaż szybkie menu
$Clipboard_MCM_Keybind_activateClearSelectionBtn	Wyczyść zaznaczenie
$Clipboard_MCM_Keybind_activateDestroyToolBtn	Zniszcz narzędzie
$Clipboard_MCM_Keybind_activateSelectionMethodBtn	Zmień metodę zaznaczania
$Clipboard_MCM_Keybind_activateSelectionScanBtn	Uruchom dodatkową akcję metody zaznaczania
$Clipboard_MCM_Section_Balance_Text	Równowaga
$Clipboard_MCM_Section_Debug_Text	Debugowanie
$Clipboard_MCM_Section_Dialogs_Text	Okna dialogowe
$Clipboard_MCM_Section_Hotkeys_Text	Skróty klawiszowe
$Clipboard_MCM_Section_Import_Options_Text	Opcje importu
$Clipboard_MCM_Section_Selection_Text	Zaznaczanie
$Clipboard_MCM_activateActionMenuBtn_Help	Otwórz menu akcji narzędzia w trybie Warsztatu lub z dużej odległości od narzędzia. Sugerowany klawisz: L
$Clipboard_MCM_activateActionMenuBtn_Text	Pokaż menu akcji
$Clipboard_MCM_activateActionQuickBtn_Help	Szybkie menu zapewnia dostęp do wszystkich przycisków narzędzia. Sugerowany klawisz: P
$Clipboard_MCM_activateActionQuickBtn_Text	Pokaż szybkie menu
$Clipboard_MCM_activateClearSelectionBtn_Help	Wyczyść zaznaczenie w trybie Warsztatu lub z dużej odległości od narzędzia. Sugerowany klawisz: [
$Clipboard_MCM_activateClearSelectionBtn_Text	Wyczyść zaznaczenie
$Clipboard_MCM_activateDestroyToolBtn_Help	Zniszcz narzędzie w trybie Warsztatu lub z dużej odległości od narzędzia. Sugerowany klawisz: ]
$Clipboard_MCM_activateDestroyToolBtn_Text	Zniszcz narzędzie
$Clipboard_MCM_activateSelectionMethodBtn_Help	Otwórz wybór metody narzędzia w trybie Warsztatu lub z dużej odległości od narzędzia. Sugerowany klawisz: ;
$Clipboard_MCM_activateSelectionMethodBtn_Text	Zmień metodę zaznaczania
$Clipboard_MCM_activateSelectionScanBtn_Help	Przełącz zaznaczanie/odznaczanie, rozpocznij skanowanie zaznaczania itd... Sugerowany: '
$Clipboard_MCM_activateSelectionScanBtn_Text	Uruchom dodatkową akcję metody zaznaczania
$Clipboard_MCM_bAllowAllObjectsToBeImported_Selection_Help	Domyślnie wyłączone. Włączenie zezwala na import źródeł światła, których gracz nie może modyfikować w trybie budowy, oraz tych bez receptury konstrukcyjnej.
$Clipboard_MCM_bAllowAllObjectsToBeImported_Selection_Text	Zezwól na import zwykle filtrowanych źródeł światła
$Clipboard_MCM_bAllowNormallyFilteredObjectsToBeSelectedAndExported_Selection_Help	Domyślnie wyłączone. Rozszerza automatyczny wybór o dozwolone obiekty nieutworzone przez gracza i odfiltrowane światła. Ręcznie wybrane obiekty są eksportowane niezależnie od opcji; stałe wykluczenia nadal obowiązują.
$Clipboard_MCM_bAllowNormallyFilteredObjectsToBeSelectedAndExported_Selection_Text	Zezwól na zaznaczanie i eksport zwykle filtrowanych obiektów
$Clipboard_MCM_bDisableHavokOnImportedObjects_Balance_Help	Domyślnie włączone. Ustawia ruch klatkowany dla każdego zaimportowanego obiektu niebędącego aktorem zaraz po załadowaniu jego modelu 3D, zapobiegając spadaniu lub toczeniu się luźnych obiektów, takich jak butelki i broń. Operacje skryptowe, animowane, ekwipunku i Warsztatu nadal mogą przesunąć lub zmienić obiekt.
$Clipboard_MCM_bDisableHavokOnImportedObjects_Balance_Text	Wyłącz fizykę Havok dla importowanych obiektów
$Clipboard_MCM_bDisplayImportWarnings_Debug_Help	Wyświetlaj ostrzeżenia importu w oknie zakończenia. Domyślnie: Wyłączone. Zapisywanie ostrzeżeń w dzienniku pozostaje bez zmian.
$Clipboard_MCM_bDisplayImportWarnings_Debug_Text	Wyświetlaj ostrzeżenia importu
$Clipboard_MCM_bEnableActionFinishedDialogs_Dialogs_Text	Pokazuj powiadomienie po ukończeniu działania
$Clipboard_MCM_bEnableAnimalSelection_Selection_Text	Zezwól na zaznaczanie zwierząt
$Clipboard_MCM_bEnableComponentCost_Balance_Text	Pobieraj komponenty podczas wklejania
$Clipboard_MCM_bEnableLogging_Debug_Help	Włącza dodatkowe informacje diagnostyczne. Ostrzeżenia i błędy są zawsze zapisywane. Dziennik: Documents\\My Games\\Fallout4\\F4SE\\Clipboard.log
$Clipboard_MCM_bEnableLogging_Debug_Text	Włącz dziennik diagnostyczny
$Clipboard_MCM_bEnableManualMethodDialog_Dialogs_Text	Pokazuj opis po aktywacji metody ręcznej
$Clipboard_MCM_bHideConditionBoyDuringInput_Dialogs_Help	Domyślnie włączone. Ukrywa Condition Boy/Girl, gdy otwarte jest okno wprowadzania danych Clipboard. Nie działa, jeśli mod nie jest zainstalowany.
$Clipboard_MCM_bHideConditionBoyDuringInput_Dialogs_Text	Ukryj Condition Boy/Girl podczas wpisywania
$Clipboard_MCM_bUseThrottling_Import_Help	Domyślnie włączone. Ogranicza równoczesne wywołania inicjalizacji warsztatu podczas importu. Wyłączenie może przeciążyć skrypty i spowodować zrzuty stosu Papyrus, zakłócając działanie innych modów, takich jak Sim Settlements 2. Dotyczy następnego importu.
$Clipboard_MCM_bUseThrottling_Import_Text	Ograniczaj obciążenie
$Clipboard_MCM_iEffectIndex_Selection_Option_Blue	Niebieski
$Clipboard_MCM_iEffectIndex_Selection_Option_Classic	Klasyczny
$Clipboard_MCM_iEffectIndex_Selection_Option_Red	Czerwony
$Clipboard_MCM_iEffectIndex_Selection_Option_White	Biały
$Clipboard_MCM_iEffectIndex_Selection_Option_Yellow	Żółty
$Clipboard_MCM_iEffectIndex_Selection_Text	Efekt wizualny używany na zaznaczonych obiektach
$Clipboard_MCM_iInitialSelectionMethod_Selection_Option_Box	Prostopadłościan
$Clipboard_MCM_iInitialSelectionMethod_Selection_Option_Cylinder	Walec
$Clipboard_MCM_iInitialSelectionMethod_Selection_Option_Manual	Ręcznie
$Clipboard_MCM_iInitialSelectionMethod_Selection_Option_Select_All	Zaznacz wszystko
$Clipboard_MCM_iInitialSelectionMethod_Selection_Option_Select_By_Cell	Zaznacz według komórki
$Clipboard_MCM_iInitialSelectionMethod_Selection_Option_Select_By_Plugin	Zaznacz według wtyczki
$Clipboard_MCM_iInitialSelectionMethod_Selection_Option_Sphere	Sfera
$Clipboard_MCM_iInitialSelectionMethod_Selection_Text	Początkowa metoda zaznaczania
$Clipboard_MCM_iWorkshopModeOnAction_Dialogs_Option_Always	Zawsze
$Clipboard_MCM_iWorkshopModeOnAction_Dialogs_Option_Ask	Pytaj
$Clipboard_MCM_iWorkshopModeOnAction_Dialogs_Option_Never	Nigdy
$Clipboard_MCM_iWorkshopModeOnAction_Dialogs_Text	Wejdź w tryb Warsztatu po rozpoczęciu określonych działań
$Clipboard_ManualSelectionHelp	<b><u>Ręczne zaznaczanie włączone</u></b>\n\n<b>W trybie warsztatu</b>\n<i>Chwycenie obiektu spowoduje jego zaznaczenie.</i>\n<i>Chwycenie i umieszczenie grupy obiektów zaznaczy je wszystkie.</i>\n\n<b>Poza trybem warsztatu</b>\n<i>Strzelenie w obiekt spowoduje jego zaznaczenie.</i>\n\n<b>Za pomocą konsoli</b>\n<i>Otwórz konsolę (`), kliknij obiekt i zamknij konsolę, aby zaznaczyć obiekt.</i>
$Clipboard_MethodAll	Zaznacz wszystko
$Clipboard_MethodBox	Prostopadłościan
$Clipboard_MethodCell	Zaznacz według komórki
$Clipboard_MethodCylinder	Walec
$Clipboard_MethodManual	Ręcznie
$Clipboard_MethodPlugin	Zaznacz według pluginu
$Clipboard_MethodSphere	Kula
$Clipboard_MissingComponentsHeading	<b><u>Brak wymaganych komponentów</u></b>\n\n
$Clipboard_MoreComponents	(Dodatkowe typy komponentów: {0}...)
$Clipboard_MoreComponentsLine	(Dodatkowe typy komponentów: {0}...)\n
$Clipboard_MoreMissingComponents	(Dodatkowe brakujące typy komponentów: {0}...)\n
$Clipboard_MoreMissingPlugins	Dodatkowe brakujące pluginy: {0}...
$Clipboard_MotionTypeFinished	Zakończono aktualizację typu ruchu zaznaczonych obiektów.
$Clipboard_MoveFinished	Zakończono przenoszenie wybranych obiektów.
$Clipboard_ObjectCount	Obiekty: {0}
$Clipboard_OverwritePatternQuestion	Czy chcesz go zastąpić?
$Clipboard_OwnershipFinished	Zakończono oznaczanie wybranych obiektów jako niczyje.
$Clipboard_PasteAlreadyRunning	Wklejanie wzoru jest już uruchomione dla tego narzędzia Clipboard.
$Clipboard_PasteCountsWithWires	 Obiekty: {0} / {1}; Przewody: {2}
$Clipboard_PasteExcludedRows	Clipboard: Obiekty wykluczone z okablowania i zasilania: {0}.
$Clipboard_PasteFinished	 Zakończono wklejanie wzoru z miejsca {0}.
$Clipboard_PasteNoObjects	Nie można było wkleić wzoru, ponieważ nie umieszczono żadnych obiektów.
$Clipboard_PasteObjectCounts	 Obiekty: {0} / {1}
$Clipboard_PastePlacementFailed	Nie można było wkleić wzoru, ponieważ natywna operacja umieszczania nie powiodła się.
$Clipboard_PastePluginTableIncomplete	Tabela wtyczek wzoru jest niekompletna, więc nic nie zostało wklejone.
$Clipboard_PasteReusedRows	Clipboard: Pominięte zduplikowane rozmieszczenia: {0}.
$Clipboard_PasteSlotEmpty	 Brak wzoru w miejscu {0}.
$Clipboard_PasteWarnings	Wklejanie wzoru zakończono z ostrzeżeniami dla miejsca {0}.
$Clipboard_PasteWireCount	 Przewody: {0}
$Clipboard_PatternExists	Wzór już istnieje w miejscu {0}.
$Clipboard_PatternNameInput	Wprowadź nazwę wzoru Clipboard:
$Clipboard_PatternPluginCount	Wzór nr {0}: Użyte wtyczki: {1}.
$Clipboard_PatternSaveFailed	Nie można zapisać wzoru w slocie {0}. Poprzedni wzór w tym slocie został zachowany, jeśli istniał.
$Clipboard_PatternSaved	Zakończono zapisywanie wzoru w miejscu {0}.
$Clipboard_PickCell	Komórka
$Clipboard_PickPlugin	Wtyczka
$Clipboard_PluginSourcesEmpty	Nie znaleziono możliwych do wybrania źródeł wtyczek w tej osadzie.
$Clipboard_PoweringUpProgress	Clipboard: Włączanie zasilania ({0}%)
$Clipboard_PreparationFailed	Przygotowanie wzoru nie powiodło się po umieszczeniu.
$Clipboard_PreparationInterrupted	Przygotowanie wzoru zostało przerwane.
$Clipboard_PreparationObjectsMayExist	Niektóre obiekty mogą już istnieć; pominięto przewody i zasilanie.
$Clipboard_RemoveComponents	 Usuwanie komponentów
$Clipboard_ReviewBothLogs	Sprawdź Clipboard.log i Papyrus.log, aby poznać szczegóły.
$Clipboard_ReviewNativeLog	Sprawdź Clipboard.log, aby poznać szczegóły.
$Clipboard_RotateFinished	Zakończono obracanie wybranych obiektów.
$Clipboard_RotationInput	Wpisz stopnie: więcej niż 0, nie więcej niż 180 (do 6 miejsc po przecinku; użyj kropki):
$Clipboard_RotationInvalid	Nieprawidłowa wartość. Wpisz stopnie: więcej niż 0, nie więcej niż 180, do 6 miejsc po przecinku (użyj kropki).
$Clipboard_ScaleDownInput	Pomniejszenie procentowe: więcej niż 0, maksymalnie 99. Końcowy rozmiar każdego obiektu musi być całkowitą wartością procentową. Użyj kropki dziesiętnej:
$Clipboard_ScaleDownInvalid	Nieprawidłowa zmiana skali. Pomniejszenie procentowe: więcej niż 0, maksymalnie 99. Końcowy rozmiar każdego obiektu musi być całkowitą wartością procentową. Użyj kropki dziesiętnej:
$Clipboard_ScaleFinished	Zakończono zmianę skali wybranych obiektów.
$Clipboard_ScaleNoExactChange	Dla tego zaznaczenia nie ma dokładnej zmiany skali w tym kierunku. Nie zmieniono żadnych obiektów. Skaluj mniejsze grupy osobno lub użyj Przywróć.
$Clipboard_ScaleRestricted	Ta zmiana zaokrągliłaby rozmiar obiektu lub przekroczyła limit. Nie zmieniono żadnych obiektów. Dla tego zaznaczenia i kierunku: krok {0}; maksimum {1}. Najbliższe poprawne wartości: {2}.
$Clipboard_ScaleSelectionInvalid	Nie udało się ukończyć skalowania. Sprawdź zaznaczenie przed ponowną próbą.
$Clipboard_ScaleUpInput	Powiększenie procentowe: więcej niż 0, maksymalnie 1000. Końcowy rozmiar każdego obiektu musi być całkowitą wartością procentową. Użyj kropki dziesiętnej:
$Clipboard_ScaleUpInvalid	Nieprawidłowa zmiana skali. Powiększenie procentowe: więcej niż 0, maksymalnie 1000. Końcowy rozmiar każdego obiektu musi być całkowitą wartością procentową. Użyj kropki dziesiętnej:
$Clipboard_SelectGunEquipped	Wyposażono broń wyboru, strzel w obiekt, aby go wybrać.
$Clipboard_SelectedStatus	 Wybrane obiekty: {0}
$Clipboard_SelectionAllCount	Wybrane obiekty osady: {0}.
$Clipboard_SelectionAreaCount	Wybrane obiekty osady: {0} z {1}.
$Clipboard_SelectionAreaEmpty	Nie znaleziono niczego w obszarze wyboru.
$Clipboard_SelectionAreaRetry	Spróbuj zmienić położenie narzędzia kopiowania lub zwiększyć rozmiar obszaru wyboru.
$Clipboard_SelectionCellCount	Wybrane obiekty osady z tego obszaru komórki: {0}.
$Clipboard_SelectionComplete	Wybór zakończony.
$Clipboard_SelectionDetailsArea	\n\n<b>Obszar</b>\nSzerokość: {0}\nDługość: {1}\nWysokość: {2}
$Clipboard_SelectionDetailsCenter	\n\n<b>Punkt środkowy</b>\nX: {0}\nY: {1}\nZ: {2}
$Clipboard_SelectionDetailsCounts	<b><u>Szczegóły wyboru</u></b>\n\nLiczba obiektów: {0}\nLiczba przewodów: {1}\nLiczba wtyczek: {2}
$Clipboard_SelectionDetailsScale	\n\n<b>Skala</b>\nMinimum: {0}\nŚrednia: {1}\nMaksimum: {2}
$Clipboard_SelectionPluginCount	Wybrane obiekty osady z „{1}”: {0}.
$Clipboard_SelectionPluginCountTitle	Wybrane obiekty: użyte pluginy: {0}.
$Clipboard_SelectionPluginEmpty	Nie znaleziono nowych obiektów osady możliwych do wybrania z „{0}”.
$Clipboard_SelectionSize	 Rozmiar wyboru: {0}
$Clipboard_SetMotionType	 Ustaw typ ruchu
$Clipboard_SettlementEmpty	Nie znaleziono w osadzie niczego, co można wybrać.
$Clipboard_SlotRangeCount	{0} - {1}: Wzorce: {2}\n
$Clipboard_SourceCellIndexInvalid	Wzorzec zawiera nieprawidłowy indeks pluginu komórki źródłowej. Nie wykonano żadnego przemieszczenia.
$Clipboard_SourceCellPluginUnreadable	Nie można było odczytać pluginu komórki źródłowej wzorca. Nie wykonano żadnego przemieszczenia.
$Clipboard_SourceDifferentCell	Zapisana pozycja jest niedostępna lub znajduje się poza obszarem budowy osady „{0}”. Nie wykonano przemieszczenia.
$Clipboard_SourceDifferentWorkshop	Przemieszczanie między Warsztatami nie jest jeszcze obsługiwane.
$Clipboard_SourceMovementUnavailable	Przemieszczenie do źródła wzorca jest niedostępne, ponieważ nie można było ustalić narzędzia Clipboard lub Warsztatu.
$Clipboard_SourcePatternInvalid	Wybrany slot nie zawiera prawidłowego wzorca.
$Clipboard_SourcePlayerNotMoved	Nie udało się zweryfikować przemieszczenia urządzenia lub opuszczono osadę „{0}”. Gracz nie został przeniesiony.
$Clipboard_SourcePluginListUnreadable	Nie można było odczytać listy pluginów wzorca.
$Clipboard_SourcePositionUnreadable	Nie można było odczytać pozycji źródłowej wzorca. Nie wykonano żadnego przemieszczenia.
$Clipboard_SourceTransformInvalid	Transformacja źródłowa wzorca jest nieprawidłowa. Nie wykonano żadnego przemieszczenia.
$Clipboard_SourceWorkshopIndexInvalid	Wzorzec zawiera nieprawidłowy indeks pluginu Warsztatu.
$Clipboard_SourceWorkshopMissing	Wzorzec pochodzi z Warsztatu, który nie istnieje w tym zapisie.
$Clipboard_SourceWorkshopNames	Ten wzorzec utworzono w osadzie „{0}”. Gracz i urządzenie Clipboard muszą znajdować się w tej osadzie, aby przenieść się do pozycji źródłowej. Nie wykonano przemieszczenia.
$Clipboard_TextInputUnavailable	Nie udało się zakończyć wprowadzania tekstu. Spróbuj ponownie.
$Clipboard_ToolAlreadyExists	Narzędzie Clipboard już istnieje.\n\nZniszcz to narzędzie przed utworzeniem nowego.
$Clipboard_WarningGeneratorAnimation	Nie udało się zainicjować niektórych animacji importowanych obiektów. 
$Clipboard_WarningPowerFailed	Ponowne podłączenie zasilania nie powiodło się. 
$Clipboard_WarningPowerIncomplete	Ponowne podłączenie zasilania było niekompletne. 
$Clipboard_WarningPreparationIncomplete	Niektóre obiekty nie zakończyły ładowania lub przygotowania fizyki; automatyczne przewody zostały pominięte. 
$Clipboard_WarningRowsSkipped	Niektóre wiersze wzorca zostały pominięte. 
$Clipboard_WarningWireCreationFailed	Tworzenie przewodu nie powiodło się. 
$Clipboard_WarningWiresMissing	Nie utworzono niektórych przewodów wzorca. 
$Clipboard_WorkshopCallbackCounts	Obiekty: {0}; zakończone wywołania: {1} / {2}; oczekujące: {3}
$Clipboard_WorkshopIncomplete	Inicjalizacja Warsztatu była niekompletna.
$Clipboard_WorkshopInitializationProgress	Clipboard: Inicjalizacja Warsztatu ({0}%)
$Clipboard_WorkshopInitializing	Clipboard: inicjalizacja obiektów Warsztatu...
$Clipboard_WorkshopObjectsPlaced	Obiekty zostały umieszczone; przewody i zasilanie zostały pominięte.
$Clipboard_WorkshopReviewBeforeRetry	Przejrzyj logi przed rozpoczęciem kolejnego importu z nowym narzędziem.
$Clipboard_WorkshopUnverified	Nie można było zweryfikować inicjalizacji Warsztatu.
$Clipboard_WorkshopWiringSkipped	Przewody i zasilanie zostały pominięte. Przejrzyj Clipboard.log i Papyrus.log.
