$Clipboard_BoxCreationFailed	無法建立方框選取框架。
$Clipboard_BoxCreationReviewLog	重試前請查看 Clipboard.log。
$Clipboard_CellScopeEmpty	所選區塊範圍內沒有找到尚未選取的物件。
$Clipboard_CellScopeTool	Clipboard 工具所在的區塊
$Clipboard_CellScopeWorkshop	工房的區塊
$Clipboard_CheckComponents	 正在檢查可用組件
$Clipboard_CleanupActive	仍有Clipboard平台處於使用中狀態。請摧毀所有平台後重試。
$Clipboard_CleanupBlocked	無法安全識別部分殘留。未做任何變更。
$Clipboard_CleanupBusy	Clipboard正在忙碌中。請等待目前操作完成後重試。
$Clipboard_CleanupConfirm	要清理已摧毀的Clipboard平台殘留嗎？
$Clipboard_CleanupFailed	無法開始清理。未變更任何殘留。
$Clipboard_CleanupNone	未找到可清理的舊平台殘留。
$Clipboard_CleanupPrepare	請先摧毀所有Clipboard平台並建立備份存檔。
$Clipboard_CleanupPreserve	匯入的物品與已儲存的範本將會保留。
$Clipboard_CleanupProgress	正在清理舊Clipboard平台...
$Clipboard_CleanupReload	儲存遊戲，載入該存檔，然後再次儲存。
$Clipboard_CleanupResult	已將{0}處殘留標記為待刪除；已略過{1}處。
$Clipboard_CleanupStopped	清理在處理完所有殘留之前停止。請儲存並讀檔後再試。
$Clipboard_CleanupTitle	清理舊平台
$Clipboard_ClearOwnership	 已清除所有權
$Clipboard_CompileLinkedWorkshops	 正在彙整已連結的工房
$Clipboard_CompileWorkshopContainers	 正在彙整工房容器
$Clipboard_ComponentAllSourcesQuestion	\n顯示所有來源的可用材料？
$Clipboard_ComponentAvailableAll	所需 / 所有來源可用\n\n
$Clipboard_ComponentAvailableLocal	所需 / 此工房可用\n\n
$Clipboard_ComponentCostHeading	<b><u>組件成本</u></b>\n\n
$Clipboard_ComponentPaymentIncomplete	無法完成組件扣除，已取消匯入。部分組件可能已被消耗。
$Clipboard_ContinueQuestion	\n要繼續嗎？
$Clipboard_DeselectGunEquipped	已裝備取消選取槍，射擊已選取的物件即可取消選取。
$Clipboard_DestroyFinished	已完成處理摧毀要求。
$Clipboard_DestroyIncomplete	銷毀已停止，尚未處理所有選定物件。
$Clipboard_DestroyOriginalCount	原先選取：{0}
$Clipboard_DestroyQuestion	要摧毀它們嗎？
$Clipboard_DestroyScrapCount	已送往拆解：{0}
$Clipboard_DestroyWarning	以此方式摧毀的物品不會提供廢料，且無法復原。
$Clipboard_DimensionDepth	 深度
$Clipboard_DimensionHeight	 高度
$Clipboard_DimensionRadius	半徑
$Clipboard_DimensionWidth	 寬度
$Clipboard_DistanceInput	請輸入介於 1 到 9,999 的距離：
$Clipboard_DistanceInvalid	距離無效，必須是介於 1 到 9,999 的數字。
$Clipboard_ESP_AmmoSelection_FULL_0	Clipboard 選取彈藥
$Clipboard_ESP_AmmoSelection_ONAM_0	選取彈藥
$Clipboard_ESP_ClipboardActOnSelection_FULL_0	操作選單
$Clipboard_ESP_ClipboardActionSelectEmptyMessage_DESC_0	選擇要執行的動作：
$Clipboard_ESP_ClipboardActionSelectEmptyMessage_ITXT_0	[ 取消 ]
$Clipboard_ESP_ClipboardActionSelectEmptyMessage_ITXT_1	從 Clipboard 貼上
$Clipboard_ESP_ClipboardActionSelectEmptyMessage_ITXT_2	列出藍圖使用的外掛
$Clipboard_ESP_ClipboardActionSelectEmptyMessage_ITXT_3	移動至藍圖來源位置
$Clipboard_ESP_ClipboardActionSelectEmptyMessage_ITXT_4	顯示藍圖組件成本
$Clipboard_ESP_ClipboardActionSelectMessage_DESC_0	選擇要執行的操作：
$Clipboard_ESP_ClipboardActionSelectMessage_ITXT_0	[ 取消 ]
$Clipboard_ESP_ClipboardActionSelectMessage_ITXT_1	複製到 Clipboard
$Clipboard_ESP_ClipboardActionSelectMessage_ITXT_10	列出樣板使用的外掛
$Clipboard_ESP_ClipboardActionSelectMessage_ITXT_11	移至樣板來源位置
$Clipboard_ESP_ClipboardActionSelectMessage_ITXT_12	顯示選取項目的組件成本
$Clipboard_ESP_ClipboardActionSelectMessage_ITXT_13	顯示樣板組件成本
$Clipboard_ESP_ClipboardActionSelectMessage_ITXT_2	從 Clipboard 貼上
$Clipboard_ESP_ClipboardActionSelectMessage_ITXT_3	摧毀
$Clipboard_ESP_ClipboardActionSelectMessage_ITXT_4	旋轉
$Clipboard_ESP_ClipboardActionSelectMessage_ITXT_5	移動
$Clipboard_ESP_ClipboardActionSelectMessage_ITXT_6	縮放
$Clipboard_ESP_ClipboardActionSelectMessage_ITXT_7	清除所有權
$Clipboard_ESP_ClipboardActionSelectMessage_ITXT_8	顯示選取項目詳細資料
$Clipboard_ESP_ClipboardActionSelectMessage_ITXT_9	列出選取項目使用的插件
$Clipboard_ESP_ClipboardButtonNuke_FULL_0	Clipboard 工具
$Clipboard_ESP_ClipboardButtonPole_FULL_0	Clipboard 工具
$Clipboard_ESP_ClipboardButtonStand_ATTX_0	按下
$Clipboard_ESP_ClipboardButtonStand_FULL_0	Clipboard 工具
$Clipboard_ESP_ClipboardChangeSelectionMethod_FULL_0	變更選取方式
$Clipboard_ESP_ClipboardClearSelection_FULL_0	清除選取
$Clipboard_ESP_ClipboardCopyPylon_FULL_0	Clipboard 工具
$Clipboard_ESP_ClipboardCopyTo_FULL_0	複製到 Clipboard
$Clipboard_ESP_ClipboardDestoryTool_FULL_0	摧毀工具
$Clipboard_ESP_ClipboardHotkeyMenuAreaMessage_DESC_0	<b><u>Clipboard 工具快速選單</u></b>\r\n \r\n<u>選取摘要</u>\r\n物件：<Alias=Slot1State>\r\n電線：<Alias=Slot2State>\r\n外掛：<Alias=Slot3State>\r\n方式：<Alias=Slot4State>
$Clipboard_ESP_ClipboardHotkeyMenuAreaMessage_ITXT_0	[ 取消 ]
$Clipboard_ESP_ClipboardHotkeyMenuAreaMessage_ITXT_1	顯示動作選單
$Clipboard_ESP_ClipboardHotkeyMenuAreaMessage_ITXT_2	變更選取方式
$Clipboard_ESP_ClipboardHotkeyMenuAreaMessage_ITXT_3	開始選取掃描
$Clipboard_ESP_ClipboardHotkeyMenuAreaMessage_ITXT_4	清除選取項目
$Clipboard_ESP_ClipboardHotkeyMenuAreaMessage_ITXT_5	摧毀工具
$Clipboard_ESP_ClipboardHotkeyMenuAreaMessage_ITXT_6	移動至工具
$Clipboard_ESP_ClipboardHotkeyMenuManualMessage_DESC_0	<b><u>Clipboard 工具快速選單</u></b>\r\n \r\n<u>選取摘要</u>\r\n物件：<Alias=Slot1State>\r\n電線：<Alias=Slot2State>\r\n外掛：<Alias=Slot3State>\r\n方法：<Alias=Slot4State>
$Clipboard_ESP_ClipboardHotkeyMenuManualMessage_ITXT_0	[ 取消 ]
$Clipboard_ESP_ClipboardHotkeyMenuManualMessage_ITXT_1	顯示動作選單
$Clipboard_ESP_ClipboardHotkeyMenuManualMessage_ITXT_2	變更選取方式
$Clipboard_ESP_ClipboardHotkeyMenuManualMessage_ITXT_3	切換選取／取消選取
$Clipboard_ESP_ClipboardHotkeyMenuManualMessage_ITXT_4	清除選取項目
$Clipboard_ESP_ClipboardHotkeyMenuManualMessage_ITXT_5	摧毀工具
$Clipboard_ESP_ClipboardHotkeyMenuManualMessage_ITXT_6	移動至工具
$Clipboard_ESP_ClipboardHotkeyMenuMessage_DESC_0	<b><u>Clipboard 工具快速選單</u></b>\r\n \r\n<u>選取摘要</u>\r\n物件：<Alias=Slot1State>\r\n電線：<Alias=Slot2State>\r\n外掛：<Alias=Slot3State>\r\n方式：<Alias=Slot4State>
$Clipboard_ESP_ClipboardHotkeyMenuMessage_ITXT_0	[ 取消 ]
$Clipboard_ESP_ClipboardHotkeyMenuMessage_ITXT_1	顯示動作選單
$Clipboard_ESP_ClipboardHotkeyMenuMessage_ITXT_2	變更選取方式
$Clipboard_ESP_ClipboardHotkeyMenuMessage_ITXT_3	清除選取項目
$Clipboard_ESP_ClipboardHotkeyMenuMessage_ITXT_4	摧毀工具
$Clipboard_ESP_ClipboardHotkeyMenuMessage_ITXT_5	移動至工具
$Clipboard_ESP_ClipboardInformMessage_DESC_0	<Alias=Slot1State>\r\n<Alias=Slot2State>\r\n<Alias=Slot3State>\r\n<Alias=Slot4State>\r\n<Alias=Slot5State>
$Clipboard_ESP_ClipboardInformMessage_ITXT_0	確定
$Clipboard_ESP_ClipboardInitiateSelection_FULL_0	開始選取掃描
$Clipboard_ESP_ClipboardLabel1_FULL_0	標籤1
$Clipboard_ESP_ClipboardLabel2_FULL_0	標籤2
$Clipboard_ESP_ClipboardLabel3_FULL_0	標籤3
$Clipboard_ESP_ClipboardLabel4_FULL_0	標籤4
$Clipboard_ESP_ClipboardLabel5_FULL_0	標籤5
$Clipboard_ESP_ClipboardListPick1Message_DESC_0	<b><u>Clipboard <Alias=Slot1State> 選擇</u></b>\r\n\r\n <Alias=Slot2State>
$Clipboard_ESP_ClipboardListPick1Message_FULL_0	選擇 Clipboard 頁面
$Clipboard_ESP_ClipboardListPick1Message_ITXT_0	[ 取消 ]
$Clipboard_ESP_ClipboardListPick1Message_ITXT_1	1
$Clipboard_ESP_ClipboardListPick2Message_DESC_0	<b><u>Clipboard <Alias=Slot1State> 選擇</u></b>\r\n\r\n <Alias=Slot2State>
$Clipboard_ESP_ClipboardListPick2Message_FULL_0	選擇 Clipboard 頁面
$Clipboard_ESP_ClipboardListPick2Message_ITXT_0	[ 取消 ]
$Clipboard_ESP_ClipboardListPick2Message_ITXT_1	1
$Clipboard_ESP_ClipboardListPick2Message_ITXT_2	2
$Clipboard_ESP_ClipboardListPick3Message_DESC_0	<b><u>Clipboard <Alias=Slot1State> 選擇</u></b>\r\n\r\n <Alias=Slot2State>
$Clipboard_ESP_ClipboardListPick3Message_FULL_0	選擇 Clipboard 頁面
$Clipboard_ESP_ClipboardListPick3Message_ITXT_0	[ 取消 ]
$Clipboard_ESP_ClipboardListPick3Message_ITXT_1	1
$Clipboard_ESP_ClipboardListPick3Message_ITXT_2	2
$Clipboard_ESP_ClipboardListPick3Message_ITXT_3	3
$Clipboard_ESP_ClipboardListPick4Message_DESC_0	<b><u>Clipboard <Alias=Slot1State> 選擇</u></b>\r\n\r\n <Alias=Slot2State>
$Clipboard_ESP_ClipboardListPick4Message_FULL_0	選擇 Clipboard 頁面
$Clipboard_ESP_ClipboardListPick4Message_ITXT_0	[ 取消 ]
$Clipboard_ESP_ClipboardListPick4Message_ITXT_1	1
$Clipboard_ESP_ClipboardListPick4Message_ITXT_2	2
$Clipboard_ESP_ClipboardListPick4Message_ITXT_3	3
$Clipboard_ESP_ClipboardListPick4Message_ITXT_4	4
$Clipboard_ESP_ClipboardListPick5Message_DESC_0	<b><u>Clipboard <Alias=Slot1State> 選擇</u></b>\r\n\r\n <Alias=Slot2State>
$Clipboard_ESP_ClipboardListPick5Message_FULL_0	選擇 Clipboard 頁面
$Clipboard_ESP_ClipboardListPick5Message_ITXT_0	[ 取消 ]
$Clipboard_ESP_ClipboardListPick5Message_ITXT_1	1
$Clipboard_ESP_ClipboardListPick5Message_ITXT_2	2
$Clipboard_ESP_ClipboardListPick5Message_ITXT_3	3
$Clipboard_ESP_ClipboardListPick5Message_ITXT_4	4
$Clipboard_ESP_ClipboardListPick5Message_ITXT_5	5
$Clipboard_ESP_ClipboardListPick6Message_DESC_0	<b><u>Clipboard <Alias=Slot1State> 選擇</u></b>\r\n\r\n <Alias=Slot2State>
$Clipboard_ESP_ClipboardListPick6Message_FULL_0	選擇 Clipboard 頁面
$Clipboard_ESP_ClipboardListPick6Message_ITXT_0	[ 取消 ]
$Clipboard_ESP_ClipboardListPick6Message_ITXT_1	1
$Clipboard_ESP_ClipboardListPick6Message_ITXT_2	2
$Clipboard_ESP_ClipboardListPick6Message_ITXT_3	3
$Clipboard_ESP_ClipboardListPick6Message_ITXT_4	4
$Clipboard_ESP_ClipboardListPick6Message_ITXT_5	5
$Clipboard_ESP_ClipboardListPick6Message_ITXT_6	6
$Clipboard_ESP_ClipboardListPick7Message_DESC_0	<b><u>Clipboard <Alias=Slot1State> 選取項目</u></b>\r\n\r\n <Alias=Slot2State>
$Clipboard_ESP_ClipboardListPick7Message_FULL_0	選擇 Clipboard 頁面
$Clipboard_ESP_ClipboardListPick7Message_ITXT_0	[ 取消 ]
$Clipboard_ESP_ClipboardListPick7Message_ITXT_1	1
$Clipboard_ESP_ClipboardListPick7Message_ITXT_2	2
$Clipboard_ESP_ClipboardListPick7Message_ITXT_3	3
$Clipboard_ESP_ClipboardListPick7Message_ITXT_4	4
$Clipboard_ESP_ClipboardListPick7Message_ITXT_5	5
$Clipboard_ESP_ClipboardListPick7Message_ITXT_6	6
$Clipboard_ESP_ClipboardListPick7Message_ITXT_7	7
$Clipboard_ESP_ClipboardListPick8Message_DESC_0	<b><u>Clipboard <Alias=Slot1State> 選取項目</u></b>\r\n\r\n <Alias=Slot2State>
$Clipboard_ESP_ClipboardListPick8Message_FULL_0	選擇 Clipboard 頁面
$Clipboard_ESP_ClipboardListPick8Message_ITXT_0	[ 取消 ]
$Clipboard_ESP_ClipboardListPick8Message_ITXT_1	1
$Clipboard_ESP_ClipboardListPick8Message_ITXT_2	2
$Clipboard_ESP_ClipboardListPick8Message_ITXT_3	3
$Clipboard_ESP_ClipboardListPick8Message_ITXT_4	4
$Clipboard_ESP_ClipboardListPick8Message_ITXT_5	5
$Clipboard_ESP_ClipboardListPick8Message_ITXT_6	6
$Clipboard_ESP_ClipboardListPick8Message_ITXT_7	7
$Clipboard_ESP_ClipboardListPick8Message_ITXT_8	8
$Clipboard_ESP_ClipboardListPick9Message_DESC_0	<b><u>Clipboard <Alias=Slot1State> 選取項目</u></b>\r\n\r\n <Alias=Slot2State>
$Clipboard_ESP_ClipboardListPick9Message_FULL_0	選擇 Clipboard 頁面
$Clipboard_ESP_ClipboardListPick9Message_ITXT_0	[ 取消 ]
$Clipboard_ESP_ClipboardListPick9Message_ITXT_1	1
$Clipboard_ESP_ClipboardListPick9Message_ITXT_2	2
$Clipboard_ESP_ClipboardListPick9Message_ITXT_3	3
$Clipboard_ESP_ClipboardListPick9Message_ITXT_4	4
$Clipboard_ESP_ClipboardListPick9Message_ITXT_5	5
$Clipboard_ESP_ClipboardListPick9Message_ITXT_6	6
$Clipboard_ESP_ClipboardListPick9Message_ITXT_7	7
$Clipboard_ESP_ClipboardListPick9Message_ITXT_8	8
$Clipboard_ESP_ClipboardListPick9Message_ITXT_9	9
$Clipboard_ESP_ClipboardListPickMessage_DESC_0	<b><u>Clipboard <Alias=Slot1State> 選擇</u></b>\r\n\r\n <Alias=Slot2State>
$Clipboard_ESP_ClipboardListPickMessage_FULL_0	選擇 Clipboard 頁面
$Clipboard_ESP_ClipboardListPickMessage_ITXT_0	[ 取消 ]
$Clipboard_ESP_ClipboardListPickMessage_ITXT_1	1
$Clipboard_ESP_ClipboardListPickMessage_ITXT_10	10
$Clipboard_ESP_ClipboardListPickMessage_ITXT_2	2
$Clipboard_ESP_ClipboardListPickMessage_ITXT_3	3
$Clipboard_ESP_ClipboardListPickMessage_ITXT_4	4
$Clipboard_ESP_ClipboardListPickMessage_ITXT_5	5
$Clipboard_ESP_ClipboardListPickMessage_ITXT_6	6
$Clipboard_ESP_ClipboardListPickMessage_ITXT_7	7
$Clipboard_ESP_ClipboardListPickMessage_ITXT_8	8
$Clipboard_ESP_ClipboardListPickMessage_ITXT_9	9
$Clipboard_ESP_ClipboardListPickPagedMessage_DESC_0	<b><u>Clipboard <Alias=Slot1State> 選擇：%.0f-%.0f</u></b>\r\n\r\n<Alias=Slot2State>
$Clipboard_ESP_ClipboardListPickPagedMessage_FULL_0	選擇 Clipboard 頁面
$Clipboard_ESP_ClipboardListPickPagedMessage_ITXT_0	[ 取消 ]
$Clipboard_ESP_ClipboardListPickPagedMessage_ITXT_1	[ 上一頁 ]
$Clipboard_ESP_ClipboardListPickPagedMessage_ITXT_10	8
$Clipboard_ESP_ClipboardListPickPagedMessage_ITXT_11	9
$Clipboard_ESP_ClipboardListPickPagedMessage_ITXT_12	10
$Clipboard_ESP_ClipboardListPickPagedMessage_ITXT_2	[ 下一頁 ]
$Clipboard_ESP_ClipboardListPickPagedMessage_ITXT_3	1
$Clipboard_ESP_ClipboardListPickPagedMessage_ITXT_4	2
$Clipboard_ESP_ClipboardListPickPagedMessage_ITXT_5	3
$Clipboard_ESP_ClipboardListPickPagedMessage_ITXT_6	4
$Clipboard_ESP_ClipboardListPickPagedMessage_ITXT_7	5
$Clipboard_ESP_ClipboardListPickPagedMessage_ITXT_8	6
$Clipboard_ESP_ClipboardListPickPagedMessage_ITXT_9	7
$Clipboard_ESP_ClipboardManager_FULL_0	Clipboard 管理器
$Clipboard_ESP_ClipboardMissingPluginsMessage_DESC_0	缺少必要插件！\r\n \r\n<Alias=Slot1State>\r\n<Alias=Slot2State>\r\n<Alias=Slot3State>\r\n<Alias=Slot4State>\r\n<Alias=Slot5State>\r\n\r\n仍要繼續嗎？
$Clipboard_ESP_ClipboardMissingPluginsMessage_ITXT_0	否
$Clipboard_ESP_ClipboardMissingPluginsMessage_ITXT_1	是
$Clipboard_ESP_ClipboardMoveAmountSelectMessage_DESC_0	移動距離：
$Clipboard_ESP_ClipboardMoveAmountSelectMessage_ITXT_0	1
$Clipboard_ESP_ClipboardMoveAmountSelectMessage_ITXT_1	2
$Clipboard_ESP_ClipboardMoveAmountSelectMessage_ITXT_2	4
$Clipboard_ESP_ClipboardMoveAmountSelectMessage_ITXT_3	8
$Clipboard_ESP_ClipboardMoveAmountSelectMessage_ITXT_4	16
$Clipboard_ESP_ClipboardMoveAmountSelectMessage_ITXT_5	32
$Clipboard_ESP_ClipboardMoveAmountSelectMessage_ITXT_6	64
$Clipboard_ESP_ClipboardMoveAmountSelectMessage_ITXT_7	128
$Clipboard_ESP_ClipboardMoveAmountSelectMessage_ITXT_8	256
$Clipboard_ESP_ClipboardMoveAmountSelectMessage_ITXT_9	512
$Clipboard_ESP_ClipboardMoveDirectionSelectMessage_DESC_0	移動方向：
$Clipboard_ESP_ClipboardMoveDirectionSelectMessage_ITXT_0	左
$Clipboard_ESP_ClipboardMoveDirectionSelectMessage_ITXT_1	右
$Clipboard_ESP_ClipboardMoveDirectionSelectMessage_ITXT_2	上
$Clipboard_ESP_ClipboardMoveDirectionSelectMessage_ITXT_3	下
$Clipboard_ESP_ClipboardMoveDirectionSelectMessage_ITXT_4	前
$Clipboard_ESP_ClipboardMoveDirectionSelectMessage_ITXT_5	後
$Clipboard_ESP_ClipboardMoveOnto_FULL_0	移至平台上
$Clipboard_ESP_ClipboardNotYetImplemented_DESC_0	尚未實作
$Clipboard_ESP_ClipboardNotYetImplemented_ITXT_0	確定
$Clipboard_ESP_ClipboardPage1SelectMessage_DESC_0	<b><u>Clipboard 頁面選擇：1-100</u></b>\r\n \r\n上一頁：401-500\r\n下一頁：101-200\r\n\r\n<Alias=Slot1State>
$Clipboard_ESP_ClipboardPage1SelectMessage_FULL_0	選擇 Clipboard 頁面
$Clipboard_ESP_ClipboardPage1SelectMessage_ITXT_0	[ 取消 ]
$Clipboard_ESP_ClipboardPage1SelectMessage_ITXT_1	[ 上一頁 ]
$Clipboard_ESP_ClipboardPage1SelectMessage_ITXT_10	71 - 80
$Clipboard_ESP_ClipboardPage1SelectMessage_ITXT_11	81 - 90
$Clipboard_ESP_ClipboardPage1SelectMessage_ITXT_12	91 - 100
$Clipboard_ESP_ClipboardPage1SelectMessage_ITXT_2	[ 下一頁 ]
$Clipboard_ESP_ClipboardPage1SelectMessage_ITXT_3	1 - 10
$Clipboard_ESP_ClipboardPage1SelectMessage_ITXT_4	11 - 20
$Clipboard_ESP_ClipboardPage1SelectMessage_ITXT_5	21 - 30
$Clipboard_ESP_ClipboardPage1SelectMessage_ITXT_6	31 - 40
$Clipboard_ESP_ClipboardPage1SelectMessage_ITXT_7	41 - 50
$Clipboard_ESP_ClipboardPage1SelectMessage_ITXT_8	51 - 60
$Clipboard_ESP_ClipboardPage1SelectMessage_ITXT_9	61 - 70
$Clipboard_ESP_ClipboardPage2SelectMessage_DESC_0	<b><u>Clipboard 頁面選擇：101-200</u></b>\r\n\r\n上一頁：1-100\r\n下一頁：201-300\r\n\r\n<Alias=Slot1State>
$Clipboard_ESP_ClipboardPage2SelectMessage_FULL_0	選擇 Clipboard 頁面
$Clipboard_ESP_ClipboardPage2SelectMessage_ITXT_0	[ 取消 ]
$Clipboard_ESP_ClipboardPage2SelectMessage_ITXT_1	[ 上一頁 ]
$Clipboard_ESP_ClipboardPage2SelectMessage_ITXT_10	171 - 180
$Clipboard_ESP_ClipboardPage2SelectMessage_ITXT_11	181 - 190
$Clipboard_ESP_ClipboardPage2SelectMessage_ITXT_12	191 - 200
$Clipboard_ESP_ClipboardPage2SelectMessage_ITXT_2	[ 下一頁 ]
$Clipboard_ESP_ClipboardPage2SelectMessage_ITXT_3	101 - 110
$Clipboard_ESP_ClipboardPage2SelectMessage_ITXT_4	111 - 120
$Clipboard_ESP_ClipboardPage2SelectMessage_ITXT_5	121 - 130
$Clipboard_ESP_ClipboardPage2SelectMessage_ITXT_6	131 - 140
$Clipboard_ESP_ClipboardPage2SelectMessage_ITXT_7	141 - 150
$Clipboard_ESP_ClipboardPage2SelectMessage_ITXT_8	151 - 160
$Clipboard_ESP_ClipboardPage2SelectMessage_ITXT_9	161 - 170
$Clipboard_ESP_ClipboardPage3SelectMessage_DESC_0	<b><u>Clipboard 頁面選擇：201-300</u></b>\r\n\r\n上一頁：101-200\r\n下一頁：301-400\r\n\r\n<Alias=Slot1State>
$Clipboard_ESP_ClipboardPage3SelectMessage_FULL_0	選擇 Clipboard 頁面
$Clipboard_ESP_ClipboardPage3SelectMessage_ITXT_0	[ 取消 ]
$Clipboard_ESP_ClipboardPage3SelectMessage_ITXT_1	[ 上一頁 ]
$Clipboard_ESP_ClipboardPage3SelectMessage_ITXT_10	271 - 280
$Clipboard_ESP_ClipboardPage3SelectMessage_ITXT_11	281 - 290
$Clipboard_ESP_ClipboardPage3SelectMessage_ITXT_12	291 - 300
$Clipboard_ESP_ClipboardPage3SelectMessage_ITXT_2	[ 下一頁 ]
$Clipboard_ESP_ClipboardPage3SelectMessage_ITXT_3	201 - 210
$Clipboard_ESP_ClipboardPage3SelectMessage_ITXT_4	211 - 220
$Clipboard_ESP_ClipboardPage3SelectMessage_ITXT_5	221 - 230
$Clipboard_ESP_ClipboardPage3SelectMessage_ITXT_6	231 - 240
$Clipboard_ESP_ClipboardPage3SelectMessage_ITXT_7	241 - 250
$Clipboard_ESP_ClipboardPage3SelectMessage_ITXT_8	251 - 260
$Clipboard_ESP_ClipboardPage3SelectMessage_ITXT_9	261 - 270
$Clipboard_ESP_ClipboardPage4SelectMessage_DESC_0	<b><u>Clipboard 頁面選擇：301-400</u></b>\r\n\r\n上一頁：201-300\r\n下一頁：401-500\r\n\r\n<Alias=Slot1State>
$Clipboard_ESP_ClipboardPage4SelectMessage_FULL_0	選擇 Clipboard 頁面
$Clipboard_ESP_ClipboardPage4SelectMessage_ITXT_0	[ 取消 ]
$Clipboard_ESP_ClipboardPage4SelectMessage_ITXT_1	[ 上一頁 ]
$Clipboard_ESP_ClipboardPage4SelectMessage_ITXT_10	371 - 380
$Clipboard_ESP_ClipboardPage4SelectMessage_ITXT_11	381 - 390
$Clipboard_ESP_ClipboardPage4SelectMessage_ITXT_12	391 - 400
$Clipboard_ESP_ClipboardPage4SelectMessage_ITXT_2	[ 下一頁 ]
$Clipboard_ESP_ClipboardPage4SelectMessage_ITXT_3	301 - 310
$Clipboard_ESP_ClipboardPage4SelectMessage_ITXT_4	311 - 320
$Clipboard_ESP_ClipboardPage4SelectMessage_ITXT_5	321 - 330
$Clipboard_ESP_ClipboardPage4SelectMessage_ITXT_6	331 - 340
$Clipboard_ESP_ClipboardPage4SelectMessage_ITXT_7	341 - 350
$Clipboard_ESP_ClipboardPage4SelectMessage_ITXT_8	351 - 360
$Clipboard_ESP_ClipboardPage4SelectMessage_ITXT_9	361 - 370
$Clipboard_ESP_ClipboardPage5SelectMessage_DESC_0	<b><u>Clipboard 頁面選擇：401-500</u></b>\r\n\r\n上一頁：301-400\r\n下一頁：1-100\r\n\r\n<Alias=Slot1State>
$Clipboard_ESP_ClipboardPage5SelectMessage_FULL_0	選擇 Clipboard 頁面
$Clipboard_ESP_ClipboardPage5SelectMessage_ITXT_0	[ 取消 ]
$Clipboard_ESP_ClipboardPage5SelectMessage_ITXT_1	[ 上一頁 ]
$Clipboard_ESP_ClipboardPage5SelectMessage_ITXT_10	471 - 480
$Clipboard_ESP_ClipboardPage5SelectMessage_ITXT_11	481 - 490
$Clipboard_ESP_ClipboardPage5SelectMessage_ITXT_12	491 - 500
$Clipboard_ESP_ClipboardPage5SelectMessage_ITXT_2	[ 下一頁 ]
$Clipboard_ESP_ClipboardPage5SelectMessage_ITXT_3	401 - 410
$Clipboard_ESP_ClipboardPage5SelectMessage_ITXT_4	411 - 420
$Clipboard_ESP_ClipboardPage5SelectMessage_ITXT_5	421 - 430
$Clipboard_ESP_ClipboardPage5SelectMessage_ITXT_6	431 - 440
$Clipboard_ESP_ClipboardPage5SelectMessage_ITXT_7	441 - 450
$Clipboard_ESP_ClipboardPage5SelectMessage_ITXT_8	451 - 460
$Clipboard_ESP_ClipboardPage5SelectMessage_ITXT_9	461 - 470
$Clipboard_ESP_ClipboardProgessMessage_DESC_0	<Alias=Slot1State> %.0f（已完成 %.0f%%）
$Clipboard_ESP_ClipboardRotationAmountMessage_DESC_0	旋轉角度：
$Clipboard_ESP_ClipboardRotationAmountMessage_ITXT_0	1°
$Clipboard_ESP_ClipboardRotationAmountMessage_ITXT_1	5°
$Clipboard_ESP_ClipboardRotationAmountMessage_ITXT_2	10°
$Clipboard_ESP_ClipboardRotationAmountMessage_ITXT_3	15°
$Clipboard_ESP_ClipboardRotationAmountMessage_ITXT_4	30°
$Clipboard_ESP_ClipboardRotationAmountMessage_ITXT_5	45°
$Clipboard_ESP_ClipboardRotationAmountMessage_ITXT_6	60°
$Clipboard_ESP_ClipboardRotationAmountMessage_ITXT_7	90°
$Clipboard_ESP_ClipboardRotationAmountMessage_ITXT_8	120°
$Clipboard_ESP_ClipboardRotationAmountMessage_ITXT_9	180°
$Clipboard_ESP_ClipboardRotationSelectMessage_DESC_0	旋轉類型：
$Clipboard_ESP_ClipboardRotationSelectMessage_ITXT_0	順時針（繞選取中心）
$Clipboard_ESP_ClipboardRotationSelectMessage_ITXT_1	逆時針（繞選取中心）
$Clipboard_ESP_ClipboardRotationSelectMessage_ITXT_2	順時針（繞 Clipboard 工具）
$Clipboard_ESP_ClipboardRotationSelectMessage_ITXT_3	逆時針（繞 Clipboard 工具）
$Clipboard_ESP_ClipboardScaleDownAmountMessage_DESC_0	縮小尺寸：
$Clipboard_ESP_ClipboardScaleDownAmountMessage_ITXT_0	1%
$Clipboard_ESP_ClipboardScaleDownAmountMessage_ITXT_1	5%
$Clipboard_ESP_ClipboardScaleDownAmountMessage_ITXT_2	10%
$Clipboard_ESP_ClipboardScaleDownAmountMessage_ITXT_3	25%
$Clipboard_ESP_ClipboardScaleDownAmountMessage_ITXT_4	50%
$Clipboard_ESP_ClipboardScaleDownAmountMessage_ITXT_5	75%
$Clipboard_ESP_ClipboardScaleDownAmountMessage_ITXT_6	90%
$Clipboard_ESP_ClipboardScaleTypeSelectMessage_ITXT_0	放大（整體）
$Clipboard_ESP_ClipboardScaleTypeSelectMessage_ITXT_1	縮小（整體）
$Clipboard_ESP_ClipboardScaleTypeSelectMessage_ITXT_2	恢復原始大小（整體）
$Clipboard_ESP_ClipboardScaleTypeSelectMessage_ITXT_3	放大（個別）
$Clipboard_ESP_ClipboardScaleTypeSelectMessage_ITXT_4	縮小（個別）
$Clipboard_ESP_ClipboardScaleTypeSelectMessage_ITXT_5	恢復原始大小（個別）
$Clipboard_ESP_ClipboardScaleUpAmountMessage_DESC_0	增加尺寸：\r\n\r\n（個別物件會在達到原始尺寸的 10 倍時停止縮放）
$Clipboard_ESP_ClipboardScaleUpAmountMessage_ITXT_0	5%
$Clipboard_ESP_ClipboardScaleUpAmountMessage_ITXT_1	10%
$Clipboard_ESP_ClipboardScaleUpAmountMessage_ITXT_2	25%
$Clipboard_ESP_ClipboardScaleUpAmountMessage_ITXT_3	50%
$Clipboard_ESP_ClipboardScaleUpAmountMessage_ITXT_4	100%
$Clipboard_ESP_ClipboardScaleUpAmountMessage_ITXT_5	200%
$Clipboard_ESP_ClipboardScaleUpAmountMessage_ITXT_6	500%
$Clipboard_ESP_ClipboardSelectionGun_FULL_0	Clipboard 選取槍
$Clipboard_ESP_ClipboardSelectionGun_FULL_1	預設史詩
$Clipboard_ESP_ClipboardSelectionMethodAll_FULL_0	Clipboard 全部選取方式
$Clipboard_ESP_ClipboardSelectionMethodBox_FULL_0	Clipboard 方框選取方式
$Clipboard_ESP_ClipboardSelectionMethodByCell_FULL_0	Clipboard 依區塊選取方式
$Clipboard_ESP_ClipboardSelectionMethodByPlugin_FULL_0	Clipboard 依插件選取方式
$Clipboard_ESP_ClipboardSelectionMethodCylinder_FULL_0	Clipboard 圓柱選取方式
$Clipboard_ESP_ClipboardSelectionMethodGun_FULL_0	Clipboard 選取槍方式
$Clipboard_ESP_ClipboardSelectionMethodSphere_FULL_0	Clipboard 球體選取方式
$Clipboard_ESP_ClipboardSelectionMethods_FULL_0	Clipboard 選取方式
$Clipboard_ESP_ClipboardSelectionWeaponEnchantment_FULL_0	選取附魔
$Clipboard_ESP_ClipboardSelectionWeaponHitEffect_FULL_0	選取命中效果
$Clipboard_ESP_ClipboardSetSelectionSize_FULL_0	設定選取範圍大小
$Clipboard_ESP_ClipboardShapeSelectMessage_DESC_0	<b><u>Clipboard 選取方式</u></b>
$Clipboard_ESP_ClipboardShapeSelectMessage_FULL_0	選擇選取方式
$Clipboard_ESP_ClipboardShapeSelectMessage_ITXT_0	球體
$Clipboard_ESP_ClipboardShapeSelectMessage_ITXT_1	圓柱體
$Clipboard_ESP_ClipboardShapeSelectMessage_ITXT_2	方框
$Clipboard_ESP_ClipboardShapeSelectMessage_ITXT_3	手動
$Clipboard_ESP_ClipboardShapeSelectMessage_ITXT_4	全選
$Clipboard_ESP_ClipboardShapeSelectMessage_ITXT_5	依外掛
$Clipboard_ESP_ClipboardShapeSelectMessage_ITXT_6	依區塊
$Clipboard_ESP_ClipboardSizeMessage_DESC_0	設定選取區域 <Alias=Slot1State>
$Clipboard_ESP_ClipboardSizeMessage_ITXT_0	x1
$Clipboard_ESP_ClipboardSizeMessage_ITXT_1	x2
$Clipboard_ESP_ClipboardSizeMessage_ITXT_2	x3
$Clipboard_ESP_ClipboardSizeMessage_ITXT_3	x4
$Clipboard_ESP_ClipboardSizeMessage_ITXT_4	x5
$Clipboard_ESP_ClipboardSizeMessage_ITXT_5	x6
$Clipboard_ESP_ClipboardSizeMessage_ITXT_6	x7
$Clipboard_ESP_ClipboardSizeMessage_ITXT_7	x8
$Clipboard_ESP_ClipboardSizeMessage_ITXT_8	x9
$Clipboard_ESP_ClipboardSizeMessage_ITXT_9	x10
$Clipboard_ESP_ClipboardSlotSelectMessage_DESC_0	Clipboard 插槽選擇\r\n顯示 %.0f-%.0f\r\n \r\n[1]: 插槽 %.0f: <Alias=Slot1State>\r\n[2]: 插槽 %.0f: <Alias=Slot2State>\r\n[3]: 插槽 %.0f: <Alias=Slot3State>\r\n[4]: 插槽 %.0f: <Alias=Slot4State>\r\n[5]: 插槽 %.0f: <Alias=Slot5State>
$Clipboard_ESP_ClipboardSlotSelectMessage_FULL_0	選擇 Clipboard 插槽
$Clipboard_ESP_ClipboardSlotSelectMessage_ITXT_0	上一頁
$Clipboard_ESP_ClipboardSlotSelectMessage_ITXT_1	1
$Clipboard_ESP_ClipboardSlotSelectMessage_ITXT_2	2
$Clipboard_ESP_ClipboardSlotSelectMessage_ITXT_3	3
$Clipboard_ESP_ClipboardSlotSelectMessage_ITXT_4	4
$Clipboard_ESP_ClipboardSlotSelectMessage_ITXT_5	5
$Clipboard_ESP_ClipboardSlotSelectMessage_ITXT_6	下一頁
$Clipboard_ESP_ClipboardSlotSelectPage10Message_DESC_0	<b><u>Clipboard 插槽選擇：<Alias=Slot1State> - <Alias=Slot2State></u></b>\r\n \r\n<Alias=Slot3State>
$Clipboard_ESP_ClipboardSlotSelectPage10Message_FULL_0	選擇 Clipboard 插槽
$Clipboard_ESP_ClipboardSlotSelectPage10Message_ITXT_0	[ 返回 ]
$Clipboard_ESP_ClipboardSlotSelectPage10Message_ITXT_1	91
$Clipboard_ESP_ClipboardSlotSelectPage10Message_ITXT_10	100
$Clipboard_ESP_ClipboardSlotSelectPage10Message_ITXT_2	92
$Clipboard_ESP_ClipboardSlotSelectPage10Message_ITXT_3	93
$Clipboard_ESP_ClipboardSlotSelectPage10Message_ITXT_4	94
$Clipboard_ESP_ClipboardSlotSelectPage10Message_ITXT_5	95
$Clipboard_ESP_ClipboardSlotSelectPage10Message_ITXT_6	96
$Clipboard_ESP_ClipboardSlotSelectPage10Message_ITXT_7	97
$Clipboard_ESP_ClipboardSlotSelectPage10Message_ITXT_8	98
$Clipboard_ESP_ClipboardSlotSelectPage10Message_ITXT_9	99
$Clipboard_ESP_ClipboardSlotSelectPage1Message_DESC_0	<b><u>Clipboard 插槽選擇：<Alias=Slot1State> - <Alias=Slot2State></u></b>\r\n\r\n<Alias=Slot3State>
$Clipboard_ESP_ClipboardSlotSelectPage1Message_FULL_0	選擇 Clipboard 插槽
$Clipboard_ESP_ClipboardSlotSelectPage1Message_ITXT_0	[ 返回 ]
$Clipboard_ESP_ClipboardSlotSelectPage1Message_ITXT_1	1
$Clipboard_ESP_ClipboardSlotSelectPage1Message_ITXT_10	10
$Clipboard_ESP_ClipboardSlotSelectPage1Message_ITXT_2	2
$Clipboard_ESP_ClipboardSlotSelectPage1Message_ITXT_3	3
$Clipboard_ESP_ClipboardSlotSelectPage1Message_ITXT_4	4
$Clipboard_ESP_ClipboardSlotSelectPage1Message_ITXT_5	5
$Clipboard_ESP_ClipboardSlotSelectPage1Message_ITXT_6	6
$Clipboard_ESP_ClipboardSlotSelectPage1Message_ITXT_7	7
$Clipboard_ESP_ClipboardSlotSelectPage1Message_ITXT_8	8
$Clipboard_ESP_ClipboardSlotSelectPage1Message_ITXT_9	9
$Clipboard_ESP_ClipboardSlotSelectPage2Message_DESC_0	<b><u>Clipboard 欄位選擇：<Alias=Slot1State> - <Alias=Slot2State></u></b>\r\n \r\n<Alias=Slot3State>
$Clipboard_ESP_ClipboardSlotSelectPage2Message_FULL_0	選擇 Clipboard 欄位
$Clipboard_ESP_ClipboardSlotSelectPage2Message_ITXT_0	[ 返回 ]
$Clipboard_ESP_ClipboardSlotSelectPage2Message_ITXT_1	11
$Clipboard_ESP_ClipboardSlotSelectPage2Message_ITXT_10	20
$Clipboard_ESP_ClipboardSlotSelectPage2Message_ITXT_2	12
$Clipboard_ESP_ClipboardSlotSelectPage2Message_ITXT_3	13
$Clipboard_ESP_ClipboardSlotSelectPage2Message_ITXT_4	14
$Clipboard_ESP_ClipboardSlotSelectPage2Message_ITXT_5	15
$Clipboard_ESP_ClipboardSlotSelectPage2Message_ITXT_6	16
$Clipboard_ESP_ClipboardSlotSelectPage2Message_ITXT_7	17
$Clipboard_ESP_ClipboardSlotSelectPage2Message_ITXT_8	18
$Clipboard_ESP_ClipboardSlotSelectPage2Message_ITXT_9	19
$Clipboard_ESP_ClipboardSlotSelectPage3Message_DESC_0	<b><u>Clipboard 欄位選擇：<Alias=Slot1State> - <Alias=Slot2State></u></b>\r\n \r\n<Alias=Slot3State>
$Clipboard_ESP_ClipboardSlotSelectPage3Message_FULL_0	選擇 Clipboard 欄位
$Clipboard_ESP_ClipboardSlotSelectPage3Message_ITXT_0	[ 返回 ]
$Clipboard_ESP_ClipboardSlotSelectPage3Message_ITXT_1	21
$Clipboard_ESP_ClipboardSlotSelectPage3Message_ITXT_10	30
$Clipboard_ESP_ClipboardSlotSelectPage3Message_ITXT_2	22
$Clipboard_ESP_ClipboardSlotSelectPage3Message_ITXT_3	23
$Clipboard_ESP_ClipboardSlotSelectPage3Message_ITXT_4	24
$Clipboard_ESP_ClipboardSlotSelectPage3Message_ITXT_5	25
$Clipboard_ESP_ClipboardSlotSelectPage3Message_ITXT_6	26
$Clipboard_ESP_ClipboardSlotSelectPage3Message_ITXT_7	27
$Clipboard_ESP_ClipboardSlotSelectPage3Message_ITXT_8	28
$Clipboard_ESP_ClipboardSlotSelectPage3Message_ITXT_9	29
$Clipboard_ESP_ClipboardSlotSelectPage4Message_DESC_0	<b><u>Clipboard 欄位選擇：<Alias=Slot1State> - <Alias=Slot2State></u></b>\r\n \r\n<Alias=Slot3State>
$Clipboard_ESP_ClipboardSlotSelectPage4Message_FULL_0	選擇 Clipboard 欄位
$Clipboard_ESP_ClipboardSlotSelectPage4Message_ITXT_0	[ 返回 ]
$Clipboard_ESP_ClipboardSlotSelectPage4Message_ITXT_1	31
$Clipboard_ESP_ClipboardSlotSelectPage4Message_ITXT_10	40
$Clipboard_ESP_ClipboardSlotSelectPage4Message_ITXT_2	32
$Clipboard_ESP_ClipboardSlotSelectPage4Message_ITXT_3	33
$Clipboard_ESP_ClipboardSlotSelectPage4Message_ITXT_4	34
$Clipboard_ESP_ClipboardSlotSelectPage4Message_ITXT_5	35
$Clipboard_ESP_ClipboardSlotSelectPage4Message_ITXT_6	36
$Clipboard_ESP_ClipboardSlotSelectPage4Message_ITXT_7	37
$Clipboard_ESP_ClipboardSlotSelectPage4Message_ITXT_8	38
$Clipboard_ESP_ClipboardSlotSelectPage4Message_ITXT_9	39
$Clipboard_ESP_ClipboardSlotSelectPage5Message_DESC_0	<b><u>Clipboard 插槽選擇：<Alias=Slot1State> - <Alias=Slot2State></u></b>\r\n \r\n<Alias=Slot3State>
$Clipboard_ESP_ClipboardSlotSelectPage5Message_FULL_0	選擇 Clipboard 插槽
$Clipboard_ESP_ClipboardSlotSelectPage5Message_ITXT_0	[ 返回 ]
$Clipboard_ESP_ClipboardSlotSelectPage5Message_ITXT_1	41
$Clipboard_ESP_ClipboardSlotSelectPage5Message_ITXT_10	50
$Clipboard_ESP_ClipboardSlotSelectPage5Message_ITXT_2	42
$Clipboard_ESP_ClipboardSlotSelectPage5Message_ITXT_3	43
$Clipboard_ESP_ClipboardSlotSelectPage5Message_ITXT_4	44
$Clipboard_ESP_ClipboardSlotSelectPage5Message_ITXT_5	45
$Clipboard_ESP_ClipboardSlotSelectPage5Message_ITXT_6	46
$Clipboard_ESP_ClipboardSlotSelectPage5Message_ITXT_7	47
$Clipboard_ESP_ClipboardSlotSelectPage5Message_ITXT_8	48
$Clipboard_ESP_ClipboardSlotSelectPage5Message_ITXT_9	49
$Clipboard_ESP_ClipboardSlotSelectPage6Message_DESC_0	<b><u>Clipboard 槽位選擇：<Alias=Slot1State> - <Alias=Slot2State></u></b>\r\n \r\n<Alias=Slot3State>
$Clipboard_ESP_ClipboardSlotSelectPage6Message_FULL_0	選擇 Clipboard 槽位
$Clipboard_ESP_ClipboardSlotSelectPage6Message_ITXT_0	[ 返回 ]
$Clipboard_ESP_ClipboardSlotSelectPage6Message_ITXT_1	51
$Clipboard_ESP_ClipboardSlotSelectPage6Message_ITXT_10	60
$Clipboard_ESP_ClipboardSlotSelectPage6Message_ITXT_2	52
$Clipboard_ESP_ClipboardSlotSelectPage6Message_ITXT_3	53
$Clipboard_ESP_ClipboardSlotSelectPage6Message_ITXT_4	54
$Clipboard_ESP_ClipboardSlotSelectPage6Message_ITXT_5	55
$Clipboard_ESP_ClipboardSlotSelectPage6Message_ITXT_6	56
$Clipboard_ESP_ClipboardSlotSelectPage6Message_ITXT_7	57
$Clipboard_ESP_ClipboardSlotSelectPage6Message_ITXT_8	58
$Clipboard_ESP_ClipboardSlotSelectPage6Message_ITXT_9	59
$Clipboard_ESP_ClipboardSlotSelectPage7Message_DESC_0	<b><u>Clipboard 槽位選擇：<Alias=Slot1State> - <Alias=Slot2State></u></b>\r\n \r\n<Alias=Slot3State>
$Clipboard_ESP_ClipboardSlotSelectPage7Message_FULL_0	選擇 Clipboard 槽位
$Clipboard_ESP_ClipboardSlotSelectPage7Message_ITXT_0	[ 返回 ]
$Clipboard_ESP_ClipboardSlotSelectPage7Message_ITXT_1	61
$Clipboard_ESP_ClipboardSlotSelectPage7Message_ITXT_10	70
$Clipboard_ESP_ClipboardSlotSelectPage7Message_ITXT_2	62
$Clipboard_ESP_ClipboardSlotSelectPage7Message_ITXT_3	63
$Clipboard_ESP_ClipboardSlotSelectPage7Message_ITXT_4	64
$Clipboard_ESP_ClipboardSlotSelectPage7Message_ITXT_5	65
$Clipboard_ESP_ClipboardSlotSelectPage7Message_ITXT_6	66
$Clipboard_ESP_ClipboardSlotSelectPage7Message_ITXT_7	67
$Clipboard_ESP_ClipboardSlotSelectPage7Message_ITXT_8	68
$Clipboard_ESP_ClipboardSlotSelectPage7Message_ITXT_9	69
$Clipboard_ESP_ClipboardSlotSelectPage8Message_DESC_0	<b><u>Clipboard 槽位選擇：<Alias=Slot1State> - <Alias=Slot2State></u></b>\r\n \r\n<Alias=Slot3State>
$Clipboard_ESP_ClipboardSlotSelectPage8Message_FULL_0	選擇 Clipboard 槽位
$Clipboard_ESP_ClipboardSlotSelectPage8Message_ITXT_0	[ 返回 ]
$Clipboard_ESP_ClipboardSlotSelectPage8Message_ITXT_1	71
$Clipboard_ESP_ClipboardSlotSelectPage8Message_ITXT_10	80
$Clipboard_ESP_ClipboardSlotSelectPage8Message_ITXT_2	72
$Clipboard_ESP_ClipboardSlotSelectPage8Message_ITXT_3	73
$Clipboard_ESP_ClipboardSlotSelectPage8Message_ITXT_4	74
$Clipboard_ESP_ClipboardSlotSelectPage8Message_ITXT_5	75
$Clipboard_ESP_ClipboardSlotSelectPage8Message_ITXT_6	76
$Clipboard_ESP_ClipboardSlotSelectPage8Message_ITXT_7	77
$Clipboard_ESP_ClipboardSlotSelectPage8Message_ITXT_8	78
$Clipboard_ESP_ClipboardSlotSelectPage8Message_ITXT_9	79
$Clipboard_ESP_ClipboardSlotSelectPage9Message_DESC_0	<b><u>Clipboard 插槽選擇：<Alias=Slot1State> - <Alias=Slot2State></u></b>\r\n \r\n<Alias=Slot3State>
$Clipboard_ESP_ClipboardSlotSelectPage9Message_FULL_0	選擇 Clipboard 欄位
$Clipboard_ESP_ClipboardSlotSelectPage9Message_ITXT_0	[ 返回 ]
$Clipboard_ESP_ClipboardSlotSelectPage9Message_ITXT_1	81
$Clipboard_ESP_ClipboardSlotSelectPage9Message_ITXT_10	90
$Clipboard_ESP_ClipboardSlotSelectPage9Message_ITXT_2	82
$Clipboard_ESP_ClipboardSlotSelectPage9Message_ITXT_3	83
$Clipboard_ESP_ClipboardSlotSelectPage9Message_ITXT_4	84
$Clipboard_ESP_ClipboardSlotSelectPage9Message_ITXT_5	85
$Clipboard_ESP_ClipboardSlotSelectPage9Message_ITXT_6	86
$Clipboard_ESP_ClipboardSlotSelectPage9Message_ITXT_7	87
$Clipboard_ESP_ClipboardSlotSelectPage9Message_ITXT_8	88
$Clipboard_ESP_ClipboardSlotSelectPage9Message_ITXT_9	89
$Clipboard_ESP_ClipboardStatusMessage_DESC_0	<Alias=Slot1State>
$Clipboard_ESP_ClipboardToggleSelectDeselect_FULL_0	切換選取／取消選取
$Clipboard_ESP_ClipboardYesNoMessage_DESC_0	<Alias=Slot1State>\r\n<Alias=Slot2State>\r\n<Alias=Slot3State>\r\n<Alias=Slot4State>\r\n<Alias=Slot5State>
$Clipboard_ESP_ClipboardYesNoMessage_ITXT_0	否
$Clipboard_ESP_ClipboardYesNoMessage_ITXT_1	是
$Clipboard_ESP_WorkshopRecipeFilterQuest_FULL_0	特殊 / Clipboard
$Clipboard_ESP_clipboardMenuManager_FULL_0	Clipboard
$Clipboard_ESP_clipboardMenuManager_NNAM_0	Clipboard
$Clipboard_ESP_workshop_co_ClipboardCopyPylon_DESC_0	選取並操作工房物件。管理 Clipboard 樣板。
$Clipboard_EmptySlot	空白
$Clipboard_EnterWorkshopMode	要先進入工房模式嗎？\n\n（否則將忽略僅在工房模式中可見的物件。）
$Clipboard_GrabDeselected	 已抓取取消選取：{0}
$Clipboard_GrabSelected	 已抓取選取：{0}
$Clipboard_GroupDeselectedCount	已取消選取的物件：{0}。
$Clipboard_GroupDeselectionComplete	<b><u>群組取消選取完成</u></b>
$Clipboard_GroupSelectedCount	已選取的物件：{0}。
$Clipboard_GroupSelectionComplete	<b><u>群組選取完成</u></b>
$Clipboard_ImportingObjects	Clipboard：正在匯入物件...
$Clipboard_InputAccept	接受
$Clipboard_InputCancel	取消
$Clipboard_InputControllerHelp	方向鍵: 選擇 | A: 輸入 | B: 取消 | X: 刪除 | Y: 大小寫 | Start: 確認
$Clipboard_InputInvalid	請輸入符合長度和範圍限制的有效值。
$Clipboard_ListNextPage	下一頁：{0}-{1}\n\n
$Clipboard_ListPreviousPage	上一頁：{0}-{1}\n
$Clipboard_ListSelectionInvalid	選取無效。請從「{0}」中選擇有效項目。
$Clipboard_MCM_CleanUpOldPlatforms_Help	清理已摧毀的Clipboard平台殘留。請先摧毀所有剩餘平台並建立備份存檔。關閉選單以繼續。
$Clipboard_MCM_CleanUpOldPlatforms_Text	清理舊平台
$Clipboard_MCM_DisplayName	Clipboard
$Clipboard_MCM_Keybind_activateActionMenuBtn	顯示動作選單
$Clipboard_MCM_Keybind_activateActionQuickBtn	顯示快速選單
$Clipboard_MCM_Keybind_activateClearSelectionBtn	清除選取
$Clipboard_MCM_Keybind_activateDestroyToolBtn	摧毀工具
$Clipboard_MCM_Keybind_activateSelectionMethodBtn	變更選取方式
$Clipboard_MCM_Keybind_activateSelectionScanBtn	啟動選取方式的次要操作
$Clipboard_MCM_Section_Balance_Text	平衡
$Clipboard_MCM_Section_Debug_Text	偵錯
$Clipboard_MCM_Section_Dialogs_Text	對話方塊
$Clipboard_MCM_Section_Hotkeys_Text	快速鍵
$Clipboard_MCM_Section_Import_Options_Text	匯入選項
$Clipboard_MCM_Section_Selection_Text	選取
$Clipboard_MCM_activateActionMenuBtn_Help	可在工房模式中或遠離工具時開啟工具的動作選單。建議按鍵：L
$Clipboard_MCM_activateActionMenuBtn_Text	顯示動作選單
$Clipboard_MCM_activateActionQuickBtn_Help	快速選單可使用工具的所有按鈕。建議按鍵：P
$Clipboard_MCM_activateActionQuickBtn_Text	顯示快速選單
$Clipboard_MCM_activateClearSelectionBtn_Help	可在工房模式中或遠離工具時清除選取。建議按鍵：[
$Clipboard_MCM_activateClearSelectionBtn_Text	清除選取
$Clipboard_MCM_activateDestroyToolBtn_Help	可在工房模式中或遠離工具時摧毀工具。建議按鍵：]
$Clipboard_MCM_activateDestroyToolBtn_Text	摧毀工具
$Clipboard_MCM_activateSelectionMethodBtn_Help	可在工房模式中或遠離工具時開啟工具的選取方式。建議按鍵：;
$Clipboard_MCM_activateSelectionMethodBtn_Text	變更選取方式
$Clipboard_MCM_activateSelectionScanBtn_Help	切換選取／取消選取、啟動選取掃描等……建議按鍵：'
$Clipboard_MCM_activateSelectionScanBtn_Text	啟動選取方式的次要動作
$Clipboard_MCM_bAllowAllObjectsToBeImported_Selection_Help	預設為關閉。開啟後，可匯入玩家無法在建造模式中操作的光源，以及沒有建造配方的光源。
$Clipboard_MCM_bAllowAllObjectsToBeImported_Selection_Text	允許匯入通常會被篩選的光源
$Clipboard_MCM_bAllowNormallyFilteredObjectsToBeSelectedAndExported_Selection_Help	預設關閉。將自動選取範圍擴大至符合條件的非玩家建立物件及被篩選掉的燈光。無論此選項是否開啟，手動選取的物件均可匯出；永久排除規則仍然有效。
$Clipboard_MCM_bAllowNormallyFilteredObjectsToBeSelectedAndExported_Selection_Text	允許選取及匯出通常會被篩選的物件
$Clipboard_MCM_bDisableHavokOnImportedObjects_Balance_Help	預設為開啟。每個匯入的非角色物件一載入其 3D 模型，便會設為關鍵影格運動，防止瓶子和武器等鬆散物件掉落或滾動。指令碼、動畫、物品欄和工房操作仍可能移動或改變物件。
$Clipboard_MCM_bDisableHavokOnImportedObjects_Balance_Text	停用匯入物件的 Havok 物理效果
$Clipboard_MCM_bDisplayImportWarnings_Debug_Help	在完成對話方塊中顯示匯入警告。預設：關閉。警告日誌記錄不受影響。
$Clipboard_MCM_bDisplayImportWarnings_Debug_Text	顯示匯入警告
$Clipboard_MCM_bEnableActionFinishedDialogs_Dialogs_Text	動作完成時顯示通知
$Clipboard_MCM_bEnableAnimalSelection_Selection_Text	允許選取動物
$Clipboard_MCM_bEnableComponentCost_Balance_Text	貼上時消耗元件
$Clipboard_MCM_bEnableLogging_Debug_Help	記錄額外的診斷資訊。無論是否啟用，都會記錄警告和錯誤。日誌：Documents\\My Games\\Fallout4\\F4SE\\Clipboard.log
$Clipboard_MCM_bEnableLogging_Debug_Text	啟用診斷日誌
$Clipboard_MCM_bEnableManualMethodDialog_Dialogs_Text	啟用手動方式時顯示說明
$Clipboard_MCM_bHideConditionBoyDuringInput_Dialogs_Help	預設開啟。在 Clipboard 輸入對話框開啟時隱藏 Condition Boy/Girl。未安裝該模組時無效。
$Clipboard_MCM_bHideConditionBoyDuringInput_Dialogs_Text	輸入時隱藏 Condition Boy/Girl
$Clipboard_MCM_bUseThrottling_Import_Help	預設開啟。限制匯入時同時進行的工坊初始化呼叫。關閉後可能導致指令碼過載和Papyrus堆疊傾印，進而干擾Sim Settlements 2等其他模組。於下次匯入生效。
$Clipboard_MCM_bUseThrottling_Import_Text	啟用負載限制
$Clipboard_MCM_iEffectIndex_Selection_Option_Blue	藍色
$Clipboard_MCM_iEffectIndex_Selection_Option_Classic	經典
$Clipboard_MCM_iEffectIndex_Selection_Option_Red	紅色
$Clipboard_MCM_iEffectIndex_Selection_Option_White	白色
$Clipboard_MCM_iEffectIndex_Selection_Option_Yellow	黃色
$Clipboard_MCM_iEffectIndex_Selection_Text	套用於已選物件的視覺效果
$Clipboard_MCM_iInitialSelectionMethod_Selection_Option_Box	方塊
$Clipboard_MCM_iInitialSelectionMethod_Selection_Option_Cylinder	圓柱體
$Clipboard_MCM_iInitialSelectionMethod_Selection_Option_Manual	手動
$Clipboard_MCM_iInitialSelectionMethod_Selection_Option_Select_All	全選
$Clipboard_MCM_iInitialSelectionMethod_Selection_Option_Select_By_Cell	依區塊選取
$Clipboard_MCM_iInitialSelectionMethod_Selection_Option_Select_By_Plugin	依插件選取
$Clipboard_MCM_iInitialSelectionMethod_Selection_Option_Sphere	球體
$Clipboard_MCM_iInitialSelectionMethod_Selection_Text	初始選取方式
$Clipboard_MCM_iWorkshopModeOnAction_Dialogs_Option_Always	總是
$Clipboard_MCM_iWorkshopModeOnAction_Dialogs_Option_Ask	詢問
$Clipboard_MCM_iWorkshopModeOnAction_Dialogs_Option_Never	從不
$Clipboard_MCM_iWorkshopModeOnAction_Dialogs_Text	開始特定動作時進入工房模式
$Clipboard_ManualSelectionHelp	<b><u>已啟用手動選取</u></b>\n\n<b>在工房模式中</b>\n<i>抓取物件將選取該物件。</i>\n<i>抓取並放置一組物件將全部選取。</i>\n\n<b>在工房模式外</b>\n<i>射擊物件將選取該物件。</i>\n\n<b>使用主控台</b>\n<i>開啟主控台（`），點擊物件，然後關閉主控台即可選取該物件。</i>
$Clipboard_MethodAll	全選
$Clipboard_MethodBox	方框
$Clipboard_MethodCell	依區塊選取
$Clipboard_MethodCylinder	圓柱體
$Clipboard_MethodManual	手動
$Clipboard_MethodPlugin	依插件選取
$Clipboard_MethodSphere	球體
$Clipboard_MissingComponentsHeading	<b><u>缺少必要組件</u></b>\n\n
$Clipboard_MoreComponents	（其他組件：{0}...）
$Clipboard_MoreComponentsLine	（其他組件：{0}...）\n
$Clipboard_MoreMissingComponents	（其他缺少的組件：{0}...）\n
$Clipboard_MoreMissingPlugins	其他缺少的插件：{0}...
$Clipboard_MotionTypeFinished	已完成更新所選物件的運動類型。
$Clipboard_MoveFinished	已完成移動選取的物件。
$Clipboard_ObjectCount	物件：{0}
$Clipboard_OverwritePatternQuestion	要覆寫它嗎？
$Clipboard_OwnershipFinished	已完成將選取的物件標記為無所有者。
$Clipboard_PasteAlreadyRunning	此 Clipboard 工具已在貼上藍圖。
$Clipboard_PasteCountsWithWires	 物件：{0} / {1}；電線：{2}
$Clipboard_PasteExcludedRows	Clipboard：已從佈線和供電處理中排除的物件：{0}。
$Clipboard_PasteFinished	 已完成從欄位 {0} 貼上藍圖。
$Clipboard_PasteNoObjects	無法貼上藍圖，因為未放置任何物件。
$Clipboard_PasteObjectCounts	 物件：{0} / {1}
$Clipboard_PastePlacementFailed	無法貼上藍圖，因為原生放置作業失敗。
$Clipboard_PastePluginTableIncomplete	藍圖的插件表不完整，因此未貼上任何內容。
$Clipboard_PasteReusedRows	Clipboard：已略過的重複放置：{0}。
$Clipboard_PasteSlotEmpty	 欄位 {0} 中沒有藍圖。
$Clipboard_PasteWarnings	欄位 {0} 的藍圖貼上已完成，但有警告。
$Clipboard_PasteWireCount	 電線：{0}
$Clipboard_PatternExists	欄位 {0} 中已存在藍圖。
$Clipboard_PatternNameInput	請輸入 Clipboard 藍圖的名稱：
$Clipboard_PatternPluginCount	藍圖 #{0}：使用的插件：{1}。
$Clipboard_PatternSaveFailed	無法將藍圖儲存至欄位 {0}。該欄位中原有的藍圖已保留。
$Clipboard_PatternSaved	已完成將藍圖寫入欄位 {0}。
$Clipboard_PickCell	區塊
$Clipboard_PickPlugin	插件
$Clipboard_PluginSourcesEmpty	此聚落中找不到可選取的插件來源。
$Clipboard_PoweringUpProgress	Clipboard：正在接通電力（{0}%）
$Clipboard_PreparationFailed	放置後的藍圖準備失敗。
$Clipboard_PreparationInterrupted	藍圖準備已中斷。
$Clipboard_PreparationObjectsMayExist	部分物件可能已存在；已略過接線與供電。
$Clipboard_RemoveComponents	 正在移除元件
$Clipboard_ReviewBothLogs	請查看 Clipboard.log 和 Papyrus.log 以取得詳細資訊。
$Clipboard_ReviewNativeLog	請查看 Clipboard.log 以取得詳細資訊。
$Clipboard_RotateFinished	已完成旋轉選取的物件。
$Clipboard_RotationInput	輸入角度：大於 0 且不超過 180（最多 6 位小數，使用英文句點）：
$Clipboard_RotationInvalid	數值無效。請輸入大於 0 且不超過 180 的角度，最多 6 位小數（使用英文句點）。
$Clipboard_ScaleDownInput	縮小百分比：大於0，最大為99。每個物件的最終大小必須是整數百分比。小數請使用英文句點：
$Clipboard_ScaleDownInvalid	縮放變更無效。縮小百分比：大於0，最大為99。每個物件的最終大小必須是整數百分比。小數請使用英文句點：
$Clipboard_ScaleFinished	已完成縮放選取的物件。
$Clipboard_ScaleNoExactChange	目前選取在此方向上沒有可精確套用的縮放值。未變更任何物件。請將物件分成較小的群組分別縮放，或使用還原功能。
$Clipboard_ScaleRestricted	此變更會使物件大小被取整或超出大小限制。未變更任何物件。對於目前選取和方向，間距為{0}；最大值為{1}。附近的有效值：{2}。
$Clipboard_ScaleSelectionInvalid	無法完成縮放。請檢查選取後重試。
$Clipboard_ScaleUpInput	放大百分比：大於0，最大為1000。每個物件的最終大小必須是整數百分比。小數請使用英文句點：
$Clipboard_ScaleUpInvalid	縮放變更無效。放大百分比：大於0，最大為1000。每個物件的最終大小必須是整數百分比。小數請使用英文句點：
$Clipboard_SelectGunEquipped	已裝備選取槍，射擊物件即可選取。
$Clipboard_SelectedStatus	 已選取物件：{0}
$Clipboard_SelectionAllCount	已選取聚落物件：{0}。
$Clipboard_SelectionAreaCount	已選取聚落物件：{0} / {1}。
$Clipboard_SelectionAreaEmpty	選取區域中找不到任何物件。
$Clipboard_SelectionAreaRetry	請嘗試重新放置複製工具，或增加選取區域大小。
$Clipboard_SelectionCellCount	從此區塊範圍選取的聚落物件：{0}。
$Clipboard_SelectionComplete	選取完成。
$Clipboard_SelectionDetailsArea	\n\n<b>區域</b>\n寬度：{0}\n長度：{1}\n高度：{2}
$Clipboard_SelectionDetailsCenter	\n\n<b>中心點</b>\nX：{0}\nY：{1}\nZ：{2}
$Clipboard_SelectionDetailsCounts	<b><u>選取詳細資料</u></b>\n\n物件數量：{0}\n電線數量：{1}\n插件數量：{2}
$Clipboard_SelectionDetailsScale	\n\n<b>縮放比例</b>\n最小值：{0}\n平均值：{1}\n最大值：{2}
$Clipboard_SelectionPluginCount	已從「{1}」選取聚落物件：{0}。
$Clipboard_SelectionPluginCountTitle	已選取物件：使用的插件：{0}。
$Clipboard_SelectionPluginEmpty	在 '{0}' 中找不到新的可選取聚落物件。
$Clipboard_SelectionSize	 選取大小：{0}
$Clipboard_SetMotionType	 設定運動類型
$Clipboard_SettlementEmpty	聚落中找不到可選取的物件。
$Clipboard_SlotRangeCount	{0} - {1}：藍圖：{2}\n
$Clipboard_SourceCellIndexInvalid	藍圖包含無效的來源區塊外掛索引。未進行移動。
$Clipboard_SourceCellPluginUnreadable	無法讀取藍圖來源區塊的外掛。未進行移動。
$Clipboard_SourceDifferentCell	儲存的位置無法使用，或位於「{0}」的可建造區域之外。未進行任何移動。
$Clipboard_SourceDifferentWorkshop	尚不支援在工房之間移動。
$Clipboard_SourceMovementUnavailable	因無法解析 Clipboard 工具或工房，無法移動至藍圖來源位置。
$Clipboard_SourcePatternInvalid	所選欄位不包含有效的藍圖。
$Clipboard_SourcePlayerNotMoved	無法確認裝置的移動結果，或您已離開「{0}」。玩家未被移動。
$Clipboard_SourcePluginListUnreadable	無法讀取藍圖插件清單。
$Clipboard_SourcePositionUnreadable	無法讀取藍圖來源位置。未執行移動。
$Clipboard_SourceTransformInvalid	藍圖來源變換無效。未執行移動。
$Clipboard_SourceWorkshopIndexInvalid	藍圖包含無效的工房插件索引。
$Clipboard_SourceWorkshopMissing	藍圖來自此存檔中不存在的工房。
$Clipboard_SourceWorkshopNames	此藍圖建立於「{0}」。玩家和Clipboard裝置都必須位於該聚落內，才能移動到其原始位置。未進行任何移動。
$Clipboard_TextInputUnavailable	無法完成文字輸入。請重試。
$Clipboard_ToolAlreadyExists	已存在一個 Clipboard 工具。\n\n請先摧毀該工具，再建立新的工具。
$Clipboard_WarningGeneratorAnimation	部分匯入物件的動畫無法初始化。 
$Clipboard_WarningPowerFailed	電力重新連接失敗。 
$Clipboard_WarningPowerIncomplete	電力重新連接未完成。 
$Clipboard_WarningPreparationIncomplete	部分物件未完成載入或物理準備；已略過自動電線。 
$Clipboard_WarningRowsSkipped	已略過部分藍圖資料列。 
$Clipboard_WarningWireCreationFailed	建立電線失敗。 
$Clipboard_WarningWiresMissing	部分藍圖電線未建立。 
$Clipboard_WorkshopCallbackCounts	物件：{0}；已返回呼叫：{1} / {2}；未完成：{3}
$Clipboard_WorkshopIncomplete	工房初始化未完成。
$Clipboard_WorkshopInitializationProgress	Clipboard：工房初始化（{0}%）
$Clipboard_WorkshopInitializing	Clipboard：正在初始化工房物件...
$Clipboard_WorkshopObjectsPlaced	物件已放置；已略過電線與電力。
$Clipboard_WorkshopReviewBeforeRetry	使用新工具再次開始匯入前，請先檢閱記錄檔。
$Clipboard_WorkshopUnverified	無法驗證工房初始化。
$Clipboard_WorkshopWiringSkipped	已略過電線與電力。請檢閱 Clipboard.log 與 Papyrus.log。
