$Clipboard_BoxCreationFailed	无法创建框选笼。
$Clipboard_BoxCreationReviewLog	重试前请查看 Clipboard.log。
$Clipboard_CellScopeEmpty	在所选区块范围内未找到尚未选中的对象。
$Clipboard_CellScopeTool	Clipboard 工具所在区块
$Clipboard_CellScopeWorkshop	工坊的区块
$Clipboard_CheckComponents	 正在检查可用材料
$Clipboard_CleanupActive	仍有Clipboard平台处于活动状态。请销毁所有平台后重试。
$Clipboard_CleanupBlocked	无法安全识别部分残留。未作任何更改。
$Clipboard_CleanupBusy	Clipboard正忙。请等待当前操作完成后重试。
$Clipboard_CleanupConfirm	清理已销毁的Clipboard平台残留吗？
$Clipboard_CleanupFailed	无法开始清理。未更改任何残留。
$Clipboard_CleanupNone	未找到可清理的旧平台残留。
$Clipboard_CleanupPrepare	请先销毁所有Clipboard平台并创建备份存档。
$Clipboard_CleanupPreserve	导入的物品和已保存的模板将会保留。
$Clipboard_CleanupProgress	正在清理旧Clipboard平台...
$Clipboard_CleanupReload	保存游戏，读取该存档，然后再次保存。
$Clipboard_CleanupResult	已将{0}处残留标记为待删除；已跳过{1}处。
$Clipboard_CleanupStopped	清理在处理完所有残留之前停止。请保存并读档后再试。
$Clipboard_CleanupTitle	清理旧平台
$Clipboard_ClearOwnership	 已清除所有权
$Clipboard_CompileLinkedWorkshops	 正在汇总已连接的工坊
$Clipboard_CompileWorkshopContainers	 正在汇总工坊容器
$Clipboard_ComponentAllSourcesQuestion	\n显示所有来源的可用材料？
$Clipboard_ComponentAvailableAll	所需 / 所有来源可用\n\n
$Clipboard_ComponentAvailableLocal	所需 / 此工房可用\n\n
$Clipboard_ComponentCostHeading	<b><u>材料消耗</u></b>\n\n
$Clipboard_ComponentPaymentIncomplete	无法完成组件扣除，导入已取消。部分组件可能已被消耗。
$Clipboard_ContinueQuestion	\n要继续吗？
$Clipboard_DeselectGunEquipped	已装备取消选择枪，射击已选中的对象以取消选择。
$Clipboard_DestroyFinished	已完成处理销毁请求。
$Clipboard_DestroyIncomplete	销毁已停止，尚未处理所有选定对象。
$Clipboard_DestroyOriginalCount	原始选中：{0}
$Clipboard_DestroyQuestion	要销毁它们吗？
$Clipboard_DestroyScrapCount	已送交拆解：{0}
$Clipboard_DestroyWarning	以此方式销毁的物品不会提供废料，且无法恢复。
$Clipboard_DimensionDepth	 深度
$Clipboard_DimensionHeight	 高度
$Clipboard_DimensionRadius	半径
$Clipboard_DimensionWidth	 宽度
$Clipboard_DistanceInput	请输入 1 到 9,999 之间的距离：
$Clipboard_DistanceInvalid	距离无效，必须是 1 到 9,999 之间的数字。
$Clipboard_ESP_AmmoSelection_FULL_0	Clipboard 选择弹药
$Clipboard_ESP_AmmoSelection_ONAM_0	选择弹药
$Clipboard_ESP_ClipboardActOnSelection_FULL_0	操作菜单
$Clipboard_ESP_ClipboardActionSelectEmptyMessage_DESC_0	选择要执行的操作：
$Clipboard_ESP_ClipboardActionSelectEmptyMessage_ITXT_0	[ 取消 ]
$Clipboard_ESP_ClipboardActionSelectEmptyMessage_ITXT_1	从 Clipboard 粘贴
$Clipboard_ESP_ClipboardActionSelectEmptyMessage_ITXT_2	列出蓝图所用插件
$Clipboard_ESP_ClipboardActionSelectEmptyMessage_ITXT_3	移动至蓝图源位置
$Clipboard_ESP_ClipboardActionSelectEmptyMessage_ITXT_4	显示蓝图组件成本
$Clipboard_ESP_ClipboardActionSelectMessage_DESC_0	选择要执行的操作：
$Clipboard_ESP_ClipboardActionSelectMessage_ITXT_0	[ 取消 ]
$Clipboard_ESP_ClipboardActionSelectMessage_ITXT_1	复制到 Clipboard
$Clipboard_ESP_ClipboardActionSelectMessage_ITXT_10	列出蓝图使用的插件
$Clipboard_ESP_ClipboardActionSelectMessage_ITXT_11	移动到蓝图源位置
$Clipboard_ESP_ClipboardActionSelectMessage_ITXT_12	显示所选对象的组件成本
$Clipboard_ESP_ClipboardActionSelectMessage_ITXT_13	显示蓝图组件消耗
$Clipboard_ESP_ClipboardActionSelectMessage_ITXT_2	从 Clipboard 粘贴
$Clipboard_ESP_ClipboardActionSelectMessage_ITXT_3	销毁
$Clipboard_ESP_ClipboardActionSelectMessage_ITXT_4	旋转
$Clipboard_ESP_ClipboardActionSelectMessage_ITXT_5	移动
$Clipboard_ESP_ClipboardActionSelectMessage_ITXT_6	缩放
$Clipboard_ESP_ClipboardActionSelectMessage_ITXT_7	清除所有权
$Clipboard_ESP_ClipboardActionSelectMessage_ITXT_8	显示选择详情
$Clipboard_ESP_ClipboardActionSelectMessage_ITXT_9	列出选择中使用的插件
$Clipboard_ESP_ClipboardButtonNuke_FULL_0	Clipboard 工具
$Clipboard_ESP_ClipboardButtonPole_FULL_0	Clipboard 工具
$Clipboard_ESP_ClipboardButtonStand_ATTX_0	按下
$Clipboard_ESP_ClipboardButtonStand_FULL_0	Clipboard 工具
$Clipboard_ESP_ClipboardChangeSelectionMethod_FULL_0	更改选择方式
$Clipboard_ESP_ClipboardClearSelection_FULL_0	清除选择
$Clipboard_ESP_ClipboardCopyPylon_FULL_0	Clipboard 工具
$Clipboard_ESP_ClipboardCopyTo_FULL_0	复制到 Clipboard
$Clipboard_ESP_ClipboardDestoryTool_FULL_0	销毁工具
$Clipboard_ESP_ClipboardHotkeyMenuAreaMessage_DESC_0	<b><u>快速 Clipboard 工具菜单</u></b>\r\n \r\n<u>选择摘要</u>\r\n物体：<Alias=Slot1State>\r\n电线：<Alias=Slot2State>\r\n插件：<Alias=Slot3State>\r\n方式：<Alias=Slot4State>
$Clipboard_ESP_ClipboardHotkeyMenuAreaMessage_ITXT_0	[ 取消 ]
$Clipboard_ESP_ClipboardHotkeyMenuAreaMessage_ITXT_1	显示操作菜单
$Clipboard_ESP_ClipboardHotkeyMenuAreaMessage_ITXT_2	更改选择方式
$Clipboard_ESP_ClipboardHotkeyMenuAreaMessage_ITXT_3	开始选择扫描
$Clipboard_ESP_ClipboardHotkeyMenuAreaMessage_ITXT_4	清除选择
$Clipboard_ESP_ClipboardHotkeyMenuAreaMessage_ITXT_5	销毁工具
$Clipboard_ESP_ClipboardHotkeyMenuAreaMessage_ITXT_6	前往工具
$Clipboard_ESP_ClipboardHotkeyMenuManualMessage_DESC_0	<b><u>Clipboard 工具快捷菜单</u></b>\r\n \r\n<u>选择摘要</u>\r\n物体：<Alias=Slot1State>\r\n电线：<Alias=Slot2State>\r\n插件：<Alias=Slot3State>\r\n方法：<Alias=Slot4State>
$Clipboard_ESP_ClipboardHotkeyMenuManualMessage_ITXT_0	[ 取消 ]
$Clipboard_ESP_ClipboardHotkeyMenuManualMessage_ITXT_1	显示操作菜单
$Clipboard_ESP_ClipboardHotkeyMenuManualMessage_ITXT_2	更改选择方式
$Clipboard_ESP_ClipboardHotkeyMenuManualMessage_ITXT_3	切换选中/取消选中
$Clipboard_ESP_ClipboardHotkeyMenuManualMessage_ITXT_4	清除选择
$Clipboard_ESP_ClipboardHotkeyMenuManualMessage_ITXT_5	销毁工具
$Clipboard_ESP_ClipboardHotkeyMenuManualMessage_ITXT_6	前往工具
$Clipboard_ESP_ClipboardHotkeyMenuMessage_DESC_0	<b><u>快速 Clipboard 工具菜单</u></b>\r\n \r\n<u>选择摘要</u>\r\n物体：<Alias=Slot1State>\r\n电线：<Alias=Slot2State>\r\n插件：<Alias=Slot3State>\r\n方式：<Alias=Slot4State>
$Clipboard_ESP_ClipboardHotkeyMenuMessage_ITXT_0	[ 取消 ]
$Clipboard_ESP_ClipboardHotkeyMenuMessage_ITXT_1	显示操作菜单
$Clipboard_ESP_ClipboardHotkeyMenuMessage_ITXT_2	更改选择方式
$Clipboard_ESP_ClipboardHotkeyMenuMessage_ITXT_3	清除选择
$Clipboard_ESP_ClipboardHotkeyMenuMessage_ITXT_4	销毁工具
$Clipboard_ESP_ClipboardHotkeyMenuMessage_ITXT_5	前往工具
$Clipboard_ESP_ClipboardInformMessage_DESC_0	<Alias=Slot1State>\r\n<Alias=Slot2State>\r\n<Alias=Slot3State>\r\n<Alias=Slot4State>\r\n<Alias=Slot5State>
$Clipboard_ESP_ClipboardInformMessage_ITXT_0	确定
$Clipboard_ESP_ClipboardInitiateSelection_FULL_0	开始选择扫描
$Clipboard_ESP_ClipboardLabel1_FULL_0	标签1
$Clipboard_ESP_ClipboardLabel2_FULL_0	标签2
$Clipboard_ESP_ClipboardLabel3_FULL_0	标签3
$Clipboard_ESP_ClipboardLabel4_FULL_0	标签4
$Clipboard_ESP_ClipboardLabel5_FULL_0	标签5
$Clipboard_ESP_ClipboardListPick1Message_DESC_0	<b><u>Clipboard <Alias=Slot1State> 选择</u></b>\r\n\r\n <Alias=Slot2State>
$Clipboard_ESP_ClipboardListPick1Message_FULL_0	选择 Clipboard 页面
$Clipboard_ESP_ClipboardListPick1Message_ITXT_0	[ 取消 ]
$Clipboard_ESP_ClipboardListPick1Message_ITXT_1	1
$Clipboard_ESP_ClipboardListPick2Message_DESC_0	<b><u>Clipboard <Alias=Slot1State> 选择</u></b>\r\n\r\n <Alias=Slot2State>
$Clipboard_ESP_ClipboardListPick2Message_FULL_0	选择 Clipboard 页面
$Clipboard_ESP_ClipboardListPick2Message_ITXT_0	[ 取消 ]
$Clipboard_ESP_ClipboardListPick2Message_ITXT_1	1
$Clipboard_ESP_ClipboardListPick2Message_ITXT_2	2
$Clipboard_ESP_ClipboardListPick3Message_DESC_0	<b><u>Clipboard <Alias=Slot1State> 选择</u></b>\r\n\r\n <Alias=Slot2State>
$Clipboard_ESP_ClipboardListPick3Message_FULL_0	选择 Clipboard 页面
$Clipboard_ESP_ClipboardListPick3Message_ITXT_0	[ 取消 ]
$Clipboard_ESP_ClipboardListPick3Message_ITXT_1	1
$Clipboard_ESP_ClipboardListPick3Message_ITXT_2	2
$Clipboard_ESP_ClipboardListPick3Message_ITXT_3	3
$Clipboard_ESP_ClipboardListPick4Message_DESC_0	<b><u>Clipboard <Alias=Slot1State> 选择</u></b>\r\n\r\n <Alias=Slot2State>
$Clipboard_ESP_ClipboardListPick4Message_FULL_0	选择 Clipboard 页面
$Clipboard_ESP_ClipboardListPick4Message_ITXT_0	[ 取消 ]
$Clipboard_ESP_ClipboardListPick4Message_ITXT_1	1
$Clipboard_ESP_ClipboardListPick4Message_ITXT_2	2
$Clipboard_ESP_ClipboardListPick4Message_ITXT_3	3
$Clipboard_ESP_ClipboardListPick4Message_ITXT_4	4
$Clipboard_ESP_ClipboardListPick5Message_DESC_0	<b><u>Clipboard <Alias=Slot1State> 选择</u></b>\r\n\r\n <Alias=Slot2State>
$Clipboard_ESP_ClipboardListPick5Message_FULL_0	选择 Clipboard 页面
$Clipboard_ESP_ClipboardListPick5Message_ITXT_0	[ 取消 ]
$Clipboard_ESP_ClipboardListPick5Message_ITXT_1	1
$Clipboard_ESP_ClipboardListPick5Message_ITXT_2	2
$Clipboard_ESP_ClipboardListPick5Message_ITXT_3	3
$Clipboard_ESP_ClipboardListPick5Message_ITXT_4	4
$Clipboard_ESP_ClipboardListPick5Message_ITXT_5	5
$Clipboard_ESP_ClipboardListPick6Message_DESC_0	<b><u>Clipboard <Alias=Slot1State> 选择</u></b>\r\n\r\n <Alias=Slot2State>
$Clipboard_ESP_ClipboardListPick6Message_FULL_0	选择 Clipboard 页面
$Clipboard_ESP_ClipboardListPick6Message_ITXT_0	[ 取消 ]
$Clipboard_ESP_ClipboardListPick6Message_ITXT_1	1
$Clipboard_ESP_ClipboardListPick6Message_ITXT_2	2
$Clipboard_ESP_ClipboardListPick6Message_ITXT_3	3
$Clipboard_ESP_ClipboardListPick6Message_ITXT_4	4
$Clipboard_ESP_ClipboardListPick6Message_ITXT_5	5
$Clipboard_ESP_ClipboardListPick6Message_ITXT_6	6
$Clipboard_ESP_ClipboardListPick7Message_DESC_0	<b><u>Clipboard <Alias=Slot1State> 选择</u></b>\r\n\r\n <Alias=Slot2State>
$Clipboard_ESP_ClipboardListPick7Message_FULL_0	选择 Clipboard 页面
$Clipboard_ESP_ClipboardListPick7Message_ITXT_0	[ 取消 ]
$Clipboard_ESP_ClipboardListPick7Message_ITXT_1	1
$Clipboard_ESP_ClipboardListPick7Message_ITXT_2	2
$Clipboard_ESP_ClipboardListPick7Message_ITXT_3	3
$Clipboard_ESP_ClipboardListPick7Message_ITXT_4	4
$Clipboard_ESP_ClipboardListPick7Message_ITXT_5	5
$Clipboard_ESP_ClipboardListPick7Message_ITXT_6	6
$Clipboard_ESP_ClipboardListPick7Message_ITXT_7	7
$Clipboard_ESP_ClipboardListPick8Message_DESC_0	<b><u>Clipboard <Alias=Slot1State> 选择</u></b>\r\n\r\n <Alias=Slot2State>
$Clipboard_ESP_ClipboardListPick8Message_FULL_0	选择 Clipboard 页面
$Clipboard_ESP_ClipboardListPick8Message_ITXT_0	[ 取消 ]
$Clipboard_ESP_ClipboardListPick8Message_ITXT_1	1
$Clipboard_ESP_ClipboardListPick8Message_ITXT_2	2
$Clipboard_ESP_ClipboardListPick8Message_ITXT_3	3
$Clipboard_ESP_ClipboardListPick8Message_ITXT_4	4
$Clipboard_ESP_ClipboardListPick8Message_ITXT_5	5
$Clipboard_ESP_ClipboardListPick8Message_ITXT_6	6
$Clipboard_ESP_ClipboardListPick8Message_ITXT_7	7
$Clipboard_ESP_ClipboardListPick8Message_ITXT_8	8
$Clipboard_ESP_ClipboardListPick9Message_DESC_0	<b><u>Clipboard <Alias=Slot1State> 选择</u></b>\r\n\r\n <Alias=Slot2State>
$Clipboard_ESP_ClipboardListPick9Message_FULL_0	选择 Clipboard 页面
$Clipboard_ESP_ClipboardListPick9Message_ITXT_0	[ 取消 ]
$Clipboard_ESP_ClipboardListPick9Message_ITXT_1	1
$Clipboard_ESP_ClipboardListPick9Message_ITXT_2	2
$Clipboard_ESP_ClipboardListPick9Message_ITXT_3	3
$Clipboard_ESP_ClipboardListPick9Message_ITXT_4	4
$Clipboard_ESP_ClipboardListPick9Message_ITXT_5	5
$Clipboard_ESP_ClipboardListPick9Message_ITXT_6	6
$Clipboard_ESP_ClipboardListPick9Message_ITXT_7	7
$Clipboard_ESP_ClipboardListPick9Message_ITXT_8	8
$Clipboard_ESP_ClipboardListPick9Message_ITXT_9	9
$Clipboard_ESP_ClipboardListPickMessage_DESC_0	<b><u>Clipboard <Alias=Slot1State> 选择</u></b>\r\n\r\n <Alias=Slot2State>
$Clipboard_ESP_ClipboardListPickMessage_FULL_0	选择 Clipboard 页面
$Clipboard_ESP_ClipboardListPickMessage_ITXT_0	[ 取消 ]
$Clipboard_ESP_ClipboardListPickMessage_ITXT_1	1
$Clipboard_ESP_ClipboardListPickMessage_ITXT_10	10
$Clipboard_ESP_ClipboardListPickMessage_ITXT_2	2
$Clipboard_ESP_ClipboardListPickMessage_ITXT_3	3
$Clipboard_ESP_ClipboardListPickMessage_ITXT_4	4
$Clipboard_ESP_ClipboardListPickMessage_ITXT_5	5
$Clipboard_ESP_ClipboardListPickMessage_ITXT_6	6
$Clipboard_ESP_ClipboardListPickMessage_ITXT_7	7
$Clipboard_ESP_ClipboardListPickMessage_ITXT_8	8
$Clipboard_ESP_ClipboardListPickMessage_ITXT_9	9
$Clipboard_ESP_ClipboardListPickPagedMessage_DESC_0	<b><u>Clipboard <Alias=Slot1State> 选择：%.0f-%.0f</u></b>\r\n\r\n<Alias=Slot2State>
$Clipboard_ESP_ClipboardListPickPagedMessage_FULL_0	选择 Clipboard 页面
$Clipboard_ESP_ClipboardListPickPagedMessage_ITXT_0	[ 取消 ]
$Clipboard_ESP_ClipboardListPickPagedMessage_ITXT_1	[ 上一页 ]
$Clipboard_ESP_ClipboardListPickPagedMessage_ITXT_10	8
$Clipboard_ESP_ClipboardListPickPagedMessage_ITXT_11	9
$Clipboard_ESP_ClipboardListPickPagedMessage_ITXT_12	10
$Clipboard_ESP_ClipboardListPickPagedMessage_ITXT_2	[ 下一页 ]
$Clipboard_ESP_ClipboardListPickPagedMessage_ITXT_3	1
$Clipboard_ESP_ClipboardListPickPagedMessage_ITXT_4	2
$Clipboard_ESP_ClipboardListPickPagedMessage_ITXT_5	3
$Clipboard_ESP_ClipboardListPickPagedMessage_ITXT_6	4
$Clipboard_ESP_ClipboardListPickPagedMessage_ITXT_7	5
$Clipboard_ESP_ClipboardListPickPagedMessage_ITXT_8	6
$Clipboard_ESP_ClipboardListPickPagedMessage_ITXT_9	7
$Clipboard_ESP_ClipboardManager_FULL_0	Clipboard 管理器
$Clipboard_ESP_ClipboardMissingPluginsMessage_DESC_0	缺少必需插件！\r\n \r\n<Alias=Slot1State>\r\n<Alias=Slot2State>\r\n<Alias=Slot3State>\r\n<Alias=Slot4State>\r\n<Alias=Slot5State>\r\n\r\n仍要继续吗？
$Clipboard_ESP_ClipboardMissingPluginsMessage_ITXT_0	否
$Clipboard_ESP_ClipboardMissingPluginsMessage_ITXT_1	是
$Clipboard_ESP_ClipboardMoveAmountSelectMessage_DESC_0	移动量：
$Clipboard_ESP_ClipboardMoveAmountSelectMessage_ITXT_0	1
$Clipboard_ESP_ClipboardMoveAmountSelectMessage_ITXT_1	2
$Clipboard_ESP_ClipboardMoveAmountSelectMessage_ITXT_2	4
$Clipboard_ESP_ClipboardMoveAmountSelectMessage_ITXT_3	8
$Clipboard_ESP_ClipboardMoveAmountSelectMessage_ITXT_4	16
$Clipboard_ESP_ClipboardMoveAmountSelectMessage_ITXT_5	32
$Clipboard_ESP_ClipboardMoveAmountSelectMessage_ITXT_6	64
$Clipboard_ESP_ClipboardMoveAmountSelectMessage_ITXT_7	128
$Clipboard_ESP_ClipboardMoveAmountSelectMessage_ITXT_8	256
$Clipboard_ESP_ClipboardMoveAmountSelectMessage_ITXT_9	512
$Clipboard_ESP_ClipboardMoveDirectionSelectMessage_DESC_0	移动方向：
$Clipboard_ESP_ClipboardMoveDirectionSelectMessage_ITXT_0	左
$Clipboard_ESP_ClipboardMoveDirectionSelectMessage_ITXT_1	右
$Clipboard_ESP_ClipboardMoveDirectionSelectMessage_ITXT_2	上
$Clipboard_ESP_ClipboardMoveDirectionSelectMessage_ITXT_3	下
$Clipboard_ESP_ClipboardMoveDirectionSelectMessage_ITXT_4	前
$Clipboard_ESP_ClipboardMoveDirectionSelectMessage_ITXT_5	后
$Clipboard_ESP_ClipboardMoveOnto_FULL_0	移至平台
$Clipboard_ESP_ClipboardNotYetImplemented_DESC_0	尚未实现
$Clipboard_ESP_ClipboardNotYetImplemented_ITXT_0	确定
$Clipboard_ESP_ClipboardPage1SelectMessage_DESC_0	<b><u>Clipboard 页面选择：1-100</u></b>\r\n \r\n上一页：401-500\r\n下一页：101-200\r\n\r\n<Alias=Slot1State>
$Clipboard_ESP_ClipboardPage1SelectMessage_FULL_0	选择 Clipboard 页面
$Clipboard_ESP_ClipboardPage1SelectMessage_ITXT_0	[ 取消 ]
$Clipboard_ESP_ClipboardPage1SelectMessage_ITXT_1	[ 上一页 ]
$Clipboard_ESP_ClipboardPage1SelectMessage_ITXT_10	71 - 80
$Clipboard_ESP_ClipboardPage1SelectMessage_ITXT_11	81 - 90
$Clipboard_ESP_ClipboardPage1SelectMessage_ITXT_12	91 - 100
$Clipboard_ESP_ClipboardPage1SelectMessage_ITXT_2	[ 下一页 ]
$Clipboard_ESP_ClipboardPage1SelectMessage_ITXT_3	1 - 10
$Clipboard_ESP_ClipboardPage1SelectMessage_ITXT_4	11 - 20
$Clipboard_ESP_ClipboardPage1SelectMessage_ITXT_5	21 - 30
$Clipboard_ESP_ClipboardPage1SelectMessage_ITXT_6	31 - 40
$Clipboard_ESP_ClipboardPage1SelectMessage_ITXT_7	41 - 50
$Clipboard_ESP_ClipboardPage1SelectMessage_ITXT_8	51 - 60
$Clipboard_ESP_ClipboardPage1SelectMessage_ITXT_9	61 - 70
$Clipboard_ESP_ClipboardPage2SelectMessage_DESC_0	<b><u>Clipboard 页面选择：101-200</u></b>\r\n\r\n上一页：1-100\r\n下一页：201-300\r\n\r\n<Alias=Slot1State>
$Clipboard_ESP_ClipboardPage2SelectMessage_FULL_0	选择 Clipboard 页面
$Clipboard_ESP_ClipboardPage2SelectMessage_ITXT_0	[ 取消 ]
$Clipboard_ESP_ClipboardPage2SelectMessage_ITXT_1	[ 上一页 ]
$Clipboard_ESP_ClipboardPage2SelectMessage_ITXT_10	171 - 180
$Clipboard_ESP_ClipboardPage2SelectMessage_ITXT_11	181 - 190
$Clipboard_ESP_ClipboardPage2SelectMessage_ITXT_12	191 - 200
$Clipboard_ESP_ClipboardPage2SelectMessage_ITXT_2	[ 下一页 ]
$Clipboard_ESP_ClipboardPage2SelectMessage_ITXT_3	101 - 110
$Clipboard_ESP_ClipboardPage2SelectMessage_ITXT_4	111 - 120
$Clipboard_ESP_ClipboardPage2SelectMessage_ITXT_5	121 - 130
$Clipboard_ESP_ClipboardPage2SelectMessage_ITXT_6	131 - 140
$Clipboard_ESP_ClipboardPage2SelectMessage_ITXT_7	141 - 150
$Clipboard_ESP_ClipboardPage2SelectMessage_ITXT_8	151 - 160
$Clipboard_ESP_ClipboardPage2SelectMessage_ITXT_9	161 - 170
$Clipboard_ESP_ClipboardPage3SelectMessage_DESC_0	<b><u>Clipboard 页面选择：201-300</u></b>\r\n\r\n上一页：101-200\r\n下一页：301-400\r\n\r\n<Alias=Slot1State>
$Clipboard_ESP_ClipboardPage3SelectMessage_FULL_0	选择 Clipboard 页面
$Clipboard_ESP_ClipboardPage3SelectMessage_ITXT_0	[ 取消 ]
$Clipboard_ESP_ClipboardPage3SelectMessage_ITXT_1	[ 上一页 ]
$Clipboard_ESP_ClipboardPage3SelectMessage_ITXT_10	271 - 280
$Clipboard_ESP_ClipboardPage3SelectMessage_ITXT_11	281 - 290
$Clipboard_ESP_ClipboardPage3SelectMessage_ITXT_12	291 - 300
$Clipboard_ESP_ClipboardPage3SelectMessage_ITXT_2	[ 下一页 ]
$Clipboard_ESP_ClipboardPage3SelectMessage_ITXT_3	201 - 210
$Clipboard_ESP_ClipboardPage3SelectMessage_ITXT_4	211 - 220
$Clipboard_ESP_ClipboardPage3SelectMessage_ITXT_5	221 - 230
$Clipboard_ESP_ClipboardPage3SelectMessage_ITXT_6	231 - 240
$Clipboard_ESP_ClipboardPage3SelectMessage_ITXT_7	241 - 250
$Clipboard_ESP_ClipboardPage3SelectMessage_ITXT_8	251 - 260
$Clipboard_ESP_ClipboardPage3SelectMessage_ITXT_9	261 - 270
$Clipboard_ESP_ClipboardPage4SelectMessage_DESC_0	<b><u>Clipboard 页面选择：301-400</u></b>\r\n\r\n上一页：201-300\r\n下一页：401-500\r\n\r\n<Alias=Slot1State>
$Clipboard_ESP_ClipboardPage4SelectMessage_FULL_0	选择一个 Clipboard 页面
$Clipboard_ESP_ClipboardPage4SelectMessage_ITXT_0	[ 取消 ]
$Clipboard_ESP_ClipboardPage4SelectMessage_ITXT_1	[ 上一页 ]
$Clipboard_ESP_ClipboardPage4SelectMessage_ITXT_10	371 - 380
$Clipboard_ESP_ClipboardPage4SelectMessage_ITXT_11	381 - 390
$Clipboard_ESP_ClipboardPage4SelectMessage_ITXT_12	391 - 400
$Clipboard_ESP_ClipboardPage4SelectMessage_ITXT_2	[ 下一页 ]
$Clipboard_ESP_ClipboardPage4SelectMessage_ITXT_3	301 - 310
$Clipboard_ESP_ClipboardPage4SelectMessage_ITXT_4	311 - 320
$Clipboard_ESP_ClipboardPage4SelectMessage_ITXT_5	321 - 330
$Clipboard_ESP_ClipboardPage4SelectMessage_ITXT_6	331 - 340
$Clipboard_ESP_ClipboardPage4SelectMessage_ITXT_7	341 - 350
$Clipboard_ESP_ClipboardPage4SelectMessage_ITXT_8	351 - 360
$Clipboard_ESP_ClipboardPage4SelectMessage_ITXT_9	361 - 370
$Clipboard_ESP_ClipboardPage5SelectMessage_DESC_0	<b><u>Clipboard 页面选择：401-500</u></b>\r\n\r\n上一页：301-400\r\n下一页：1-100\r\n\r\n<Alias=Slot1State>
$Clipboard_ESP_ClipboardPage5SelectMessage_FULL_0	选择一个 Clipboard 页面
$Clipboard_ESP_ClipboardPage5SelectMessage_ITXT_0	[ 取消 ]
$Clipboard_ESP_ClipboardPage5SelectMessage_ITXT_1	[ 上一页 ]
$Clipboard_ESP_ClipboardPage5SelectMessage_ITXT_10	471 - 480
$Clipboard_ESP_ClipboardPage5SelectMessage_ITXT_11	481 - 490
$Clipboard_ESP_ClipboardPage5SelectMessage_ITXT_12	491 - 500
$Clipboard_ESP_ClipboardPage5SelectMessage_ITXT_2	[ 下一页 ]
$Clipboard_ESP_ClipboardPage5SelectMessage_ITXT_3	401 - 410
$Clipboard_ESP_ClipboardPage5SelectMessage_ITXT_4	411 - 420
$Clipboard_ESP_ClipboardPage5SelectMessage_ITXT_5	421 - 430
$Clipboard_ESP_ClipboardPage5SelectMessage_ITXT_6	431 - 440
$Clipboard_ESP_ClipboardPage5SelectMessage_ITXT_7	441 - 450
$Clipboard_ESP_ClipboardPage5SelectMessage_ITXT_8	451 - 460
$Clipboard_ESP_ClipboardPage5SelectMessage_ITXT_9	461 - 470
$Clipboard_ESP_ClipboardProgessMessage_DESC_0	<Alias=Slot1State> %.0f (%.0f%% 完成)
$Clipboard_ESP_ClipboardRotationAmountMessage_DESC_0	旋转角度：
$Clipboard_ESP_ClipboardRotationAmountMessage_ITXT_0	1°
$Clipboard_ESP_ClipboardRotationAmountMessage_ITXT_1	5°
$Clipboard_ESP_ClipboardRotationAmountMessage_ITXT_2	10°
$Clipboard_ESP_ClipboardRotationAmountMessage_ITXT_3	15°
$Clipboard_ESP_ClipboardRotationAmountMessage_ITXT_4	30°
$Clipboard_ESP_ClipboardRotationAmountMessage_ITXT_5	45°
$Clipboard_ESP_ClipboardRotationAmountMessage_ITXT_6	60°
$Clipboard_ESP_ClipboardRotationAmountMessage_ITXT_7	90°
$Clipboard_ESP_ClipboardRotationAmountMessage_ITXT_8	120°
$Clipboard_ESP_ClipboardRotationAmountMessage_ITXT_9	180°
$Clipboard_ESP_ClipboardRotationSelectMessage_DESC_0	旋转类型：
$Clipboard_ESP_ClipboardRotationSelectMessage_ITXT_0	顺时针（绕选区中心）
$Clipboard_ESP_ClipboardRotationSelectMessage_ITXT_1	逆时针（绕选区中心）
$Clipboard_ESP_ClipboardRotationSelectMessage_ITXT_2	顺时针（绕 Clipboard 工具）
$Clipboard_ESP_ClipboardRotationSelectMessage_ITXT_3	逆时针（绕 Clipboard 工具）
$Clipboard_ESP_ClipboardScaleDownAmountMessage_DESC_0	缩小尺寸：
$Clipboard_ESP_ClipboardScaleDownAmountMessage_ITXT_0	1%
$Clipboard_ESP_ClipboardScaleDownAmountMessage_ITXT_1	5%
$Clipboard_ESP_ClipboardScaleDownAmountMessage_ITXT_2	10%
$Clipboard_ESP_ClipboardScaleDownAmountMessage_ITXT_3	25%
$Clipboard_ESP_ClipboardScaleDownAmountMessage_ITXT_4	50%
$Clipboard_ESP_ClipboardScaleDownAmountMessage_ITXT_5	75%
$Clipboard_ESP_ClipboardScaleDownAmountMessage_ITXT_6	90%
$Clipboard_ESP_ClipboardScaleTypeSelectMessage_ITXT_0	增大尺寸（整体）
$Clipboard_ESP_ClipboardScaleTypeSelectMessage_ITXT_1	缩小尺寸（整体）
$Clipboard_ESP_ClipboardScaleTypeSelectMessage_ITXT_2	恢复原始尺寸（整体）
$Clipboard_ESP_ClipboardScaleTypeSelectMessage_ITXT_3	增大尺寸（逐个）
$Clipboard_ESP_ClipboardScaleTypeSelectMessage_ITXT_4	缩小尺寸（逐个）
$Clipboard_ESP_ClipboardScaleTypeSelectMessage_ITXT_5	恢复原始尺寸（逐个）
$Clipboard_ESP_ClipboardScaleUpAmountMessage_DESC_0	增加尺寸：\r\n\r\n（单个物体最大可缩放至原始尺寸的 10 倍）
$Clipboard_ESP_ClipboardScaleUpAmountMessage_ITXT_0	5%
$Clipboard_ESP_ClipboardScaleUpAmountMessage_ITXT_1	10%
$Clipboard_ESP_ClipboardScaleUpAmountMessage_ITXT_2	25%
$Clipboard_ESP_ClipboardScaleUpAmountMessage_ITXT_3	50%
$Clipboard_ESP_ClipboardScaleUpAmountMessage_ITXT_4	100%
$Clipboard_ESP_ClipboardScaleUpAmountMessage_ITXT_5	200%
$Clipboard_ESP_ClipboardScaleUpAmountMessage_ITXT_6	500%
$Clipboard_ESP_ClipboardSelectionGun_FULL_0	Clipboard 选择枪
$Clipboard_ESP_ClipboardSelectionGun_FULL_1	默认史诗
$Clipboard_ESP_ClipboardSelectionMethodAll_FULL_0	Clipboard 全部选择方式
$Clipboard_ESP_ClipboardSelectionMethodBox_FULL_0	Clipboard 方框选择方式
$Clipboard_ESP_ClipboardSelectionMethodByCell_FULL_0	Clipboard 按区块选择方式
$Clipboard_ESP_ClipboardSelectionMethodByPlugin_FULL_0	Clipboard 按插件选择方式
$Clipboard_ESP_ClipboardSelectionMethodCylinder_FULL_0	Clipboard 圆柱体选择方式
$Clipboard_ESP_ClipboardSelectionMethodGun_FULL_0	Clipboard 选择枪方式
$Clipboard_ESP_ClipboardSelectionMethodSphere_FULL_0	Clipboard 球体选择方式
$Clipboard_ESP_ClipboardSelectionMethods_FULL_0	Clipboard 选择方式
$Clipboard_ESP_ClipboardSelectionWeaponEnchantment_FULL_0	选择附魔
$Clipboard_ESP_ClipboardSelectionWeaponHitEffect_FULL_0	选择命中效果
$Clipboard_ESP_ClipboardSetSelectionSize_FULL_0	设置选择范围大小
$Clipboard_ESP_ClipboardShapeSelectMessage_DESC_0	<b><u>Clipboard 选择方式</u></b>
$Clipboard_ESP_ClipboardShapeSelectMessage_FULL_0	选择一种选择方式
$Clipboard_ESP_ClipboardShapeSelectMessage_ITXT_0	球体
$Clipboard_ESP_ClipboardShapeSelectMessage_ITXT_1	圆柱体
$Clipboard_ESP_ClipboardShapeSelectMessage_ITXT_2	方框
$Clipboard_ESP_ClipboardShapeSelectMessage_ITXT_3	手动
$Clipboard_ESP_ClipboardShapeSelectMessage_ITXT_4	全选
$Clipboard_ESP_ClipboardShapeSelectMessage_ITXT_5	按插件
$Clipboard_ESP_ClipboardShapeSelectMessage_ITXT_6	按区块
$Clipboard_ESP_ClipboardSizeMessage_DESC_0	设置选择区域 <Alias=Slot1State>
$Clipboard_ESP_ClipboardSizeMessage_ITXT_0	x1
$Clipboard_ESP_ClipboardSizeMessage_ITXT_1	x2
$Clipboard_ESP_ClipboardSizeMessage_ITXT_2	x3
$Clipboard_ESP_ClipboardSizeMessage_ITXT_3	x4
$Clipboard_ESP_ClipboardSizeMessage_ITXT_4	x5
$Clipboard_ESP_ClipboardSizeMessage_ITXT_5	x6
$Clipboard_ESP_ClipboardSizeMessage_ITXT_6	x7
$Clipboard_ESP_ClipboardSizeMessage_ITXT_7	x8
$Clipboard_ESP_ClipboardSizeMessage_ITXT_8	x9
$Clipboard_ESP_ClipboardSizeMessage_ITXT_9	x10
$Clipboard_ESP_ClipboardSlotSelectMessage_DESC_0	Clipboard 槽位选择\r\n显示 %.0f-%.0f\r\n \r\n[1]: 槽位 %.0f: <Alias=Slot1State>\r\n[2]: 槽位 %.0f: <Alias=Slot2State>\r\n[3]: 槽位 %.0f: <Alias=Slot3State>\r\n[4]: 槽位 %.0f: <Alias=Slot4State>\r\n[5]: 槽位 %.0f: <Alias=Slot5State>
$Clipboard_ESP_ClipboardSlotSelectMessage_FULL_0	选择 Clipboard 槽位
$Clipboard_ESP_ClipboardSlotSelectMessage_ITXT_0	上一页
$Clipboard_ESP_ClipboardSlotSelectMessage_ITXT_1	1
$Clipboard_ESP_ClipboardSlotSelectMessage_ITXT_2	2
$Clipboard_ESP_ClipboardSlotSelectMessage_ITXT_3	3
$Clipboard_ESP_ClipboardSlotSelectMessage_ITXT_4	4
$Clipboard_ESP_ClipboardSlotSelectMessage_ITXT_5	5
$Clipboard_ESP_ClipboardSlotSelectMessage_ITXT_6	下一页
$Clipboard_ESP_ClipboardSlotSelectPage10Message_DESC_0	<b><u>Clipboard 槽位选择：<Alias=Slot1State> - <Alias=Slot2State></u></b>\r\n \r\n<Alias=Slot3State>
$Clipboard_ESP_ClipboardSlotSelectPage10Message_FULL_0	选择一个 Clipboard 槽位
$Clipboard_ESP_ClipboardSlotSelectPage10Message_ITXT_0	[ 返回 ]
$Clipboard_ESP_ClipboardSlotSelectPage10Message_ITXT_1	91
$Clipboard_ESP_ClipboardSlotSelectPage10Message_ITXT_10	100
$Clipboard_ESP_ClipboardSlotSelectPage10Message_ITXT_2	92
$Clipboard_ESP_ClipboardSlotSelectPage10Message_ITXT_3	93
$Clipboard_ESP_ClipboardSlotSelectPage10Message_ITXT_4	94
$Clipboard_ESP_ClipboardSlotSelectPage10Message_ITXT_5	95
$Clipboard_ESP_ClipboardSlotSelectPage10Message_ITXT_6	96
$Clipboard_ESP_ClipboardSlotSelectPage10Message_ITXT_7	97
$Clipboard_ESP_ClipboardSlotSelectPage10Message_ITXT_8	98
$Clipboard_ESP_ClipboardSlotSelectPage10Message_ITXT_9	99
$Clipboard_ESP_ClipboardSlotSelectPage1Message_DESC_0	<b><u>Clipboard 插槽选择：<Alias=Slot1State> - <Alias=Slot2State></u></b>\r\n\r\n<Alias=Slot3State>
$Clipboard_ESP_ClipboardSlotSelectPage1Message_FULL_0	选择 Clipboard 插槽
$Clipboard_ESP_ClipboardSlotSelectPage1Message_ITXT_0	[ 返回 ]
$Clipboard_ESP_ClipboardSlotSelectPage1Message_ITXT_1	1
$Clipboard_ESP_ClipboardSlotSelectPage1Message_ITXT_10	10
$Clipboard_ESP_ClipboardSlotSelectPage1Message_ITXT_2	2
$Clipboard_ESP_ClipboardSlotSelectPage1Message_ITXT_3	3
$Clipboard_ESP_ClipboardSlotSelectPage1Message_ITXT_4	4
$Clipboard_ESP_ClipboardSlotSelectPage1Message_ITXT_5	5
$Clipboard_ESP_ClipboardSlotSelectPage1Message_ITXT_6	6
$Clipboard_ESP_ClipboardSlotSelectPage1Message_ITXT_7	7
$Clipboard_ESP_ClipboardSlotSelectPage1Message_ITXT_8	8
$Clipboard_ESP_ClipboardSlotSelectPage1Message_ITXT_9	9
$Clipboard_ESP_ClipboardSlotSelectPage2Message_DESC_0	<b><u>Clipboard 插槽选择：<Alias=Slot1State> - <Alias=Slot2State></u></b>\r\n \r\n<Alias=Slot3State>
$Clipboard_ESP_ClipboardSlotSelectPage2Message_FULL_0	选择 Clipboard 插槽
$Clipboard_ESP_ClipboardSlotSelectPage2Message_ITXT_0	[ 返回 ]
$Clipboard_ESP_ClipboardSlotSelectPage2Message_ITXT_1	11
$Clipboard_ESP_ClipboardSlotSelectPage2Message_ITXT_10	20
$Clipboard_ESP_ClipboardSlotSelectPage2Message_ITXT_2	12
$Clipboard_ESP_ClipboardSlotSelectPage2Message_ITXT_3	13
$Clipboard_ESP_ClipboardSlotSelectPage2Message_ITXT_4	14
$Clipboard_ESP_ClipboardSlotSelectPage2Message_ITXT_5	15
$Clipboard_ESP_ClipboardSlotSelectPage2Message_ITXT_6	16
$Clipboard_ESP_ClipboardSlotSelectPage2Message_ITXT_7	17
$Clipboard_ESP_ClipboardSlotSelectPage2Message_ITXT_8	18
$Clipboard_ESP_ClipboardSlotSelectPage2Message_ITXT_9	19
$Clipboard_ESP_ClipboardSlotSelectPage3Message_DESC_0	<b><u>Clipboard 插槽选择：<Alias=Slot1State> - <Alias=Slot2State></u></b>\r\n \r\n<Alias=Slot3State>
$Clipboard_ESP_ClipboardSlotSelectPage3Message_FULL_0	选择 Clipboard 插槽
$Clipboard_ESP_ClipboardSlotSelectPage3Message_ITXT_0	[ 返回 ]
$Clipboard_ESP_ClipboardSlotSelectPage3Message_ITXT_1	21
$Clipboard_ESP_ClipboardSlotSelectPage3Message_ITXT_10	30
$Clipboard_ESP_ClipboardSlotSelectPage3Message_ITXT_2	22
$Clipboard_ESP_ClipboardSlotSelectPage3Message_ITXT_3	23
$Clipboard_ESP_ClipboardSlotSelectPage3Message_ITXT_4	24
$Clipboard_ESP_ClipboardSlotSelectPage3Message_ITXT_5	25
$Clipboard_ESP_ClipboardSlotSelectPage3Message_ITXT_6	26
$Clipboard_ESP_ClipboardSlotSelectPage3Message_ITXT_7	27
$Clipboard_ESP_ClipboardSlotSelectPage3Message_ITXT_8	28
$Clipboard_ESP_ClipboardSlotSelectPage3Message_ITXT_9	29
$Clipboard_ESP_ClipboardSlotSelectPage4Message_DESC_0	<b><u>Clipboard 插槽选择：<Alias=Slot1State> - <Alias=Slot2State></u></b>\r\n \r\n<Alias=Slot3State>
$Clipboard_ESP_ClipboardSlotSelectPage4Message_FULL_0	选择 Clipboard 插槽
$Clipboard_ESP_ClipboardSlotSelectPage4Message_ITXT_0	[ 返回 ]
$Clipboard_ESP_ClipboardSlotSelectPage4Message_ITXT_1	31
$Clipboard_ESP_ClipboardSlotSelectPage4Message_ITXT_10	40
$Clipboard_ESP_ClipboardSlotSelectPage4Message_ITXT_2	32
$Clipboard_ESP_ClipboardSlotSelectPage4Message_ITXT_3	33
$Clipboard_ESP_ClipboardSlotSelectPage4Message_ITXT_4	34
$Clipboard_ESP_ClipboardSlotSelectPage4Message_ITXT_5	35
$Clipboard_ESP_ClipboardSlotSelectPage4Message_ITXT_6	36
$Clipboard_ESP_ClipboardSlotSelectPage4Message_ITXT_7	37
$Clipboard_ESP_ClipboardSlotSelectPage4Message_ITXT_8	38
$Clipboard_ESP_ClipboardSlotSelectPage4Message_ITXT_9	39
$Clipboard_ESP_ClipboardSlotSelectPage5Message_DESC_0	<b><u>Clipboard 插槽选择：<Alias=Slot1State> - <Alias=Slot2State></u></b>\r\n \r\n<Alias=Slot3State>
$Clipboard_ESP_ClipboardSlotSelectPage5Message_FULL_0	选择 Clipboard 插槽
$Clipboard_ESP_ClipboardSlotSelectPage5Message_ITXT_0	[ 返回 ]
$Clipboard_ESP_ClipboardSlotSelectPage5Message_ITXT_1	41
$Clipboard_ESP_ClipboardSlotSelectPage5Message_ITXT_10	50
$Clipboard_ESP_ClipboardSlotSelectPage5Message_ITXT_2	42
$Clipboard_ESP_ClipboardSlotSelectPage5Message_ITXT_3	43
$Clipboard_ESP_ClipboardSlotSelectPage5Message_ITXT_4	44
$Clipboard_ESP_ClipboardSlotSelectPage5Message_ITXT_5	45
$Clipboard_ESP_ClipboardSlotSelectPage5Message_ITXT_6	46
$Clipboard_ESP_ClipboardSlotSelectPage5Message_ITXT_7	47
$Clipboard_ESP_ClipboardSlotSelectPage5Message_ITXT_8	48
$Clipboard_ESP_ClipboardSlotSelectPage5Message_ITXT_9	49
$Clipboard_ESP_ClipboardSlotSelectPage6Message_DESC_0	<b><u>Clipboard 槽位选择：<Alias=Slot1State> - <Alias=Slot2State></u></b>\r\n \r\n<Alias=Slot3State>
$Clipboard_ESP_ClipboardSlotSelectPage6Message_FULL_0	选择一个 Clipboard 槽位
$Clipboard_ESP_ClipboardSlotSelectPage6Message_ITXT_0	[ 返回 ]
$Clipboard_ESP_ClipboardSlotSelectPage6Message_ITXT_1	51
$Clipboard_ESP_ClipboardSlotSelectPage6Message_ITXT_10	60
$Clipboard_ESP_ClipboardSlotSelectPage6Message_ITXT_2	52
$Clipboard_ESP_ClipboardSlotSelectPage6Message_ITXT_3	53
$Clipboard_ESP_ClipboardSlotSelectPage6Message_ITXT_4	54
$Clipboard_ESP_ClipboardSlotSelectPage6Message_ITXT_5	55
$Clipboard_ESP_ClipboardSlotSelectPage6Message_ITXT_6	56
$Clipboard_ESP_ClipboardSlotSelectPage6Message_ITXT_7	57
$Clipboard_ESP_ClipboardSlotSelectPage6Message_ITXT_8	58
$Clipboard_ESP_ClipboardSlotSelectPage6Message_ITXT_9	59
$Clipboard_ESP_ClipboardSlotSelectPage7Message_DESC_0	<b><u>Clipboard 槽位选择：<Alias=Slot1State> - <Alias=Slot2State></u></b>\r\n \r\n<Alias=Slot3State>
$Clipboard_ESP_ClipboardSlotSelectPage7Message_FULL_0	选择一个 Clipboard 槽位
$Clipboard_ESP_ClipboardSlotSelectPage7Message_ITXT_0	[ 返回 ]
$Clipboard_ESP_ClipboardSlotSelectPage7Message_ITXT_1	61
$Clipboard_ESP_ClipboardSlotSelectPage7Message_ITXT_10	70
$Clipboard_ESP_ClipboardSlotSelectPage7Message_ITXT_2	62
$Clipboard_ESP_ClipboardSlotSelectPage7Message_ITXT_3	63
$Clipboard_ESP_ClipboardSlotSelectPage7Message_ITXT_4	64
$Clipboard_ESP_ClipboardSlotSelectPage7Message_ITXT_5	65
$Clipboard_ESP_ClipboardSlotSelectPage7Message_ITXT_6	66
$Clipboard_ESP_ClipboardSlotSelectPage7Message_ITXT_7	67
$Clipboard_ESP_ClipboardSlotSelectPage7Message_ITXT_8	68
$Clipboard_ESP_ClipboardSlotSelectPage7Message_ITXT_9	69
$Clipboard_ESP_ClipboardSlotSelectPage8Message_DESC_0	<b><u>Clipboard 槽位选择：<Alias=Slot1State> - <Alias=Slot2State></u></b>\r\n \r\n<Alias=Slot3State>
$Clipboard_ESP_ClipboardSlotSelectPage8Message_FULL_0	选择一个 Clipboard 槽位
$Clipboard_ESP_ClipboardSlotSelectPage8Message_ITXT_0	[ 返回 ]
$Clipboard_ESP_ClipboardSlotSelectPage8Message_ITXT_1	71
$Clipboard_ESP_ClipboardSlotSelectPage8Message_ITXT_10	80
$Clipboard_ESP_ClipboardSlotSelectPage8Message_ITXT_2	72
$Clipboard_ESP_ClipboardSlotSelectPage8Message_ITXT_3	73
$Clipboard_ESP_ClipboardSlotSelectPage8Message_ITXT_4	74
$Clipboard_ESP_ClipboardSlotSelectPage8Message_ITXT_5	75
$Clipboard_ESP_ClipboardSlotSelectPage8Message_ITXT_6	76
$Clipboard_ESP_ClipboardSlotSelectPage8Message_ITXT_7	77
$Clipboard_ESP_ClipboardSlotSelectPage8Message_ITXT_8	78
$Clipboard_ESP_ClipboardSlotSelectPage8Message_ITXT_9	79
$Clipboard_ESP_ClipboardSlotSelectPage9Message_DESC_0	<b><u>Clipboard 插槽选择：<Alias=Slot1State> - <Alias=Slot2State></u></b>\r\n \r\n<Alias=Slot3State>
$Clipboard_ESP_ClipboardSlotSelectPage9Message_FULL_0	选择 Clipboard 插槽
$Clipboard_ESP_ClipboardSlotSelectPage9Message_ITXT_0	[ 返回 ]
$Clipboard_ESP_ClipboardSlotSelectPage9Message_ITXT_1	81
$Clipboard_ESP_ClipboardSlotSelectPage9Message_ITXT_10	90
$Clipboard_ESP_ClipboardSlotSelectPage9Message_ITXT_2	82
$Clipboard_ESP_ClipboardSlotSelectPage9Message_ITXT_3	83
$Clipboard_ESP_ClipboardSlotSelectPage9Message_ITXT_4	84
$Clipboard_ESP_ClipboardSlotSelectPage9Message_ITXT_5	85
$Clipboard_ESP_ClipboardSlotSelectPage9Message_ITXT_6	86
$Clipboard_ESP_ClipboardSlotSelectPage9Message_ITXT_7	87
$Clipboard_ESP_ClipboardSlotSelectPage9Message_ITXT_8	88
$Clipboard_ESP_ClipboardSlotSelectPage9Message_ITXT_9	89
$Clipboard_ESP_ClipboardStatusMessage_DESC_0	<Alias=Slot1State>
$Clipboard_ESP_ClipboardToggleSelectDeselect_FULL_0	切换选择/取消选择
$Clipboard_ESP_ClipboardYesNoMessage_DESC_0	<Alias=Slot1State>\r\n<Alias=Slot2State>\r\n<Alias=Slot3State>\r\n<Alias=Slot4State>\r\n<Alias=Slot5State>
$Clipboard_ESP_ClipboardYesNoMessage_ITXT_0	否
$Clipboard_ESP_ClipboardYesNoMessage_ITXT_1	是
$Clipboard_ESP_WorkshopRecipeFilterQuest_FULL_0	特殊 / Clipboard
$Clipboard_ESP_clipboardMenuManager_FULL_0	Clipboard
$Clipboard_ESP_clipboardMenuManager_NNAM_0	Clipboard
$Clipboard_ESP_workshop_co_ClipboardCopyPylon_DESC_0	选择并操作工坊物体。管理 Clipboard 蓝图。
$Clipboard_EmptySlot	空
$Clipboard_EnterWorkshopMode	要先进入工坊模式吗？\n\n（否则将忽略仅在工坊模式下可见的对象。）
$Clipboard_GrabDeselected	 已取消选择抓取对象：{0}
$Clipboard_GrabSelected	 已选择抓取对象：{0}
$Clipboard_GroupDeselectedCount	已取消选择的对象：{0}。
$Clipboard_GroupDeselectionComplete	<b><u>群组取消选择完成</u></b>
$Clipboard_GroupSelectedCount	已选中的对象：{0}。
$Clipboard_GroupSelectionComplete	<b><u>群组选择完成</u></b>
$Clipboard_ImportingObjects	Clipboard：正在导入物体...
$Clipboard_InputAccept	接受
$Clipboard_InputCancel	取消
$Clipboard_InputControllerHelp	方向键: 选择 | A: 输入 | B: 取消 | X: 删除 | Y: 大小写 | Start: 确认
$Clipboard_InputInvalid	请输入符合长度和范围限制的有效值。
$Clipboard_ListNextPage	下一页：{0}-{1}\n\n
$Clipboard_ListPreviousPage	上一页：{0}-{1}\n
$Clipboard_ListSelectionInvalid	选择无效。请从“{0}”中选择有效条目。
$Clipboard_MCM_CleanUpOldPlatforms_Help	清理已销毁的Clipboard平台残留。请先销毁所有剩余平台并创建备份存档。关闭菜单以继续。
$Clipboard_MCM_CleanUpOldPlatforms_Text	清理旧平台
$Clipboard_MCM_DisplayName	Clipboard
$Clipboard_MCM_Keybind_activateActionMenuBtn	显示操作菜单
$Clipboard_MCM_Keybind_activateActionQuickBtn	显示快捷菜单
$Clipboard_MCM_Keybind_activateClearSelectionBtn	清除选择
$Clipboard_MCM_Keybind_activateDestroyToolBtn	销毁工具
$Clipboard_MCM_Keybind_activateSelectionMethodBtn	更改选择方法
$Clipboard_MCM_Keybind_activateSelectionScanBtn	启动选择方式的次要操作
$Clipboard_MCM_Section_Balance_Text	平衡
$Clipboard_MCM_Section_Debug_Text	调试
$Clipboard_MCM_Section_Dialogs_Text	对话框
$Clipboard_MCM_Section_Hotkeys_Text	快捷键
$Clipboard_MCM_Section_Import_Options_Text	导入选项
$Clipboard_MCM_Section_Selection_Text	选择
$Clipboard_MCM_activateActionMenuBtn_Help	在工坊模式下或远离工具时访问工具的操作菜单。建议按键：L
$Clipboard_MCM_activateActionMenuBtn_Text	显示操作菜单
$Clipboard_MCM_activateActionQuickBtn_Help	快捷菜单可访问工具的所有按钮。建议按键：P
$Clipboard_MCM_activateActionQuickBtn_Text	显示快捷菜单
$Clipboard_MCM_activateClearSelectionBtn_Help	在工坊模式下或远离工具时清除选择。建议按键：[
$Clipboard_MCM_activateClearSelectionBtn_Text	清除选择
$Clipboard_MCM_activateDestroyToolBtn_Help	在工坊模式下或远离工具时销毁工具。建议按键：]
$Clipboard_MCM_activateDestroyToolBtn_Text	销毁工具
$Clipboard_MCM_activateSelectionMethodBtn_Help	在工坊模式下或远离工具时访问工具的选择方法。建议按键：;
$Clipboard_MCM_activateSelectionMethodBtn_Text	更改选择方法
$Clipboard_MCM_activateSelectionScanBtn_Help	切换选择/取消选择、启动选择扫描等……建议按键：'
$Clipboard_MCM_activateSelectionScanBtn_Text	启动选择方法的次要操作
$Clipboard_MCM_bAllowAllObjectsToBeImported_Selection_Help	默认关闭。开启后，允许导入玩家无法在建造模式中操作的光源，以及没有建造配方的光源。
$Clipboard_MCM_bAllowAllObjectsToBeImported_Selection_Text	允许导入通常被过滤的光源
$Clipboard_MCM_bAllowNormallyFilteredObjectsToBeSelectedAndExported_Selection_Help	默认关闭。将自动选择范围扩大至符合条件的非玩家创建对象和被筛选掉的灯光。无论此选项是否开启，手动选择的对象均可导出；永久排除规则仍然有效。
$Clipboard_MCM_bAllowNormallyFilteredObjectsToBeSelectedAndExported_Selection_Text	允许选择并导出通常被过滤的对象
$Clipboard_MCM_bDisableHavokOnImportedObjects_Balance_Help	默认开启。每个导入的非角色对象在其 3D 模型加载后会立即设为关键帧运动，防止瓶子和武器等松散物体掉落或滚动。脚本、动画、物品栏和工坊操作仍可能移动或改变对象。
$Clipboard_MCM_bDisableHavokOnImportedObjects_Balance_Text	禁用导入对象的 Havok 物理
$Clipboard_MCM_bDisplayImportWarnings_Debug_Help	在完成对话框中显示导入警告。默认：关闭。警告日志记录不受影响。
$Clipboard_MCM_bDisplayImportWarnings_Debug_Text	显示导入警告
$Clipboard_MCM_bEnableActionFinishedDialogs_Dialogs_Text	操作完成时显示通知
$Clipboard_MCM_bEnableAnimalSelection_Selection_Text	允许选择动物
$Clipboard_MCM_bEnableComponentCost_Balance_Text	粘贴时消耗组件
$Clipboard_MCM_bEnableLogging_Debug_Help	记录额外的诊断信息。无论是否启用，都会记录警告和错误。日志：Documents\\My Games\\Fallout4\\F4SE\\Clipboard.log
$Clipboard_MCM_bEnableLogging_Debug_Text	启用诊断日志
$Clipboard_MCM_bEnableManualMethodDialog_Dialogs_Text	启用手动方法时显示说明
$Clipboard_MCM_bHideConditionBoyDuringInput_Dialogs_Help	默认开启。在 Clipboard 输入对话框打开时隐藏 Condition Boy/Girl。未安装该模组时无效。
$Clipboard_MCM_bHideConditionBoyDuringInput_Dialogs_Text	输入时隐藏 Condition Boy/Girl
$Clipboard_MCM_bUseThrottling_Import_Help	默认开启。限制导入时同时进行的工坊初始化调用。关闭后可能导致脚本过载和Papyrus堆栈转储，从而干扰Sim Settlements 2等其他模组。对下一次导入生效。
$Clipboard_MCM_bUseThrottling_Import_Text	启用负载限制
$Clipboard_MCM_iEffectIndex_Selection_Option_Blue	蓝色
$Clipboard_MCM_iEffectIndex_Selection_Option_Classic	经典
$Clipboard_MCM_iEffectIndex_Selection_Option_Red	红色
$Clipboard_MCM_iEffectIndex_Selection_Option_White	白色
$Clipboard_MCM_iEffectIndex_Selection_Option_Yellow	黄色
$Clipboard_MCM_iEffectIndex_Selection_Text	用于已选对象的视觉效果
$Clipboard_MCM_iInitialSelectionMethod_Selection_Option_Box	方框
$Clipboard_MCM_iInitialSelectionMethod_Selection_Option_Cylinder	圆柱体
$Clipboard_MCM_iInitialSelectionMethod_Selection_Option_Manual	手动
$Clipboard_MCM_iInitialSelectionMethod_Selection_Option_Select_All	全选
$Clipboard_MCM_iInitialSelectionMethod_Selection_Option_Select_By_Cell	按区块选择
$Clipboard_MCM_iInitialSelectionMethod_Selection_Option_Select_By_Plugin	按插件选择
$Clipboard_MCM_iInitialSelectionMethod_Selection_Option_Sphere	球体
$Clipboard_MCM_iInitialSelectionMethod_Selection_Text	初始选择方法
$Clipboard_MCM_iWorkshopModeOnAction_Dialogs_Option_Always	始终
$Clipboard_MCM_iWorkshopModeOnAction_Dialogs_Option_Ask	询问
$Clipboard_MCM_iWorkshopModeOnAction_Dialogs_Option_Never	从不
$Clipboard_MCM_iWorkshopModeOnAction_Dialogs_Text	开始某些操作时进入工坊模式
$Clipboard_ManualSelectionHelp	<b><u>已启用手动选择</u></b>\n\n<b>在工坊模式中</b>\n<i>抓取对象会将其选中。</i>\n<i>抓取并放置一组对象会将它们全部选中。</i>\n\n<b>工坊模式外</b>\n<i>射击对象会将其选中。</i>\n\n<b>使用控制台</b>\n<i>打开控制台 (`)，点击一个对象，然后关闭控制台以选中该对象。</i>
$Clipboard_MethodAll	全选
$Clipboard_MethodBox	方框
$Clipboard_MethodCell	按区块选择
$Clipboard_MethodCylinder	圆柱体
$Clipboard_MethodManual	手动
$Clipboard_MethodPlugin	按插件选择
$Clipboard_MethodSphere	球体
$Clipboard_MissingComponentsHeading	<b><u>缺少所需材料</u></b>\n\n
$Clipboard_MoreComponents	（另有材料种类：{0}...）
$Clipboard_MoreComponentsLine	（另有材料种类：{0}...）\n
$Clipboard_MoreMissingComponents	（另有缺少的材料种类：{0}...）\n
$Clipboard_MoreMissingPlugins	另有缺失插件：{0}...
$Clipboard_MotionTypeFinished	已完成更新所选对象的运动类型。
$Clipboard_MoveFinished	已完成移动所选物体。
$Clipboard_ObjectCount	物体：{0}
$Clipboard_OverwritePatternQuestion	要覆盖它吗？
$Clipboard_OwnershipFinished	已完成将所选物体标记为无主。
$Clipboard_PasteAlreadyRunning	此 Clipboard 工具已在粘贴一个蓝图。
$Clipboard_PasteCountsWithWires	 物体：{0} / {1}；电线：{2}
$Clipboard_PasteExcludedRows	Clipboard：已从布线和供电处理中排除的物体：{0}。
$Clipboard_PasteFinished	 已完成从槽位 {0} 粘贴蓝图。
$Clipboard_PasteNoObjects	无法粘贴蓝图，因为未放置任何物体。
$Clipboard_PasteObjectCounts	 物体：{0} / {1}
$Clipboard_PastePlacementFailed	无法粘贴蓝图，因为原生放置操作失败。
$Clipboard_PastePluginTableIncomplete	蓝图的插件表不完整，因此未粘贴任何内容。
$Clipboard_PasteReusedRows	Clipboard：已跳过的重复放置：{0}。
$Clipboard_PasteSlotEmpty	 槽位 {0} 中没有蓝图。
$Clipboard_PasteWarnings	槽位 {0} 的蓝图粘贴已完成，但有警告。
$Clipboard_PasteWireCount	 电线：{0}
$Clipboard_PatternExists	槽位 {0} 中已存在一个蓝图。
$Clipboard_PatternNameInput	请输入 Clipboard 蓝图的名称：
$Clipboard_PatternPluginCount	蓝图 #{0}：使用的插件：{1}。
$Clipboard_PatternSaveFailed	无法将蓝图保存到槽位 {0}。该槽位中原有的蓝图已保留。
$Clipboard_PatternSaved	已完成将蓝图写入槽位 {0}。
$Clipboard_PickCell	区块
$Clipboard_PickPlugin	插件
$Clipboard_PluginSourcesEmpty	在此聚落中未找到可选择的插件来源。
$Clipboard_PoweringUpProgress	Clipboard：正在接通电力（{0}%）
$Clipboard_PreparationFailed	放置后蓝图准备失败。
$Clipboard_PreparationInterrupted	蓝图准备被中断。
$Clipboard_PreparationObjectsMayExist	部分物体可能已存在；已跳过布线和供电。
$Clipboard_RemoveComponents	 正在移除组件
$Clipboard_ReviewBothLogs	请查看 Clipboard.log 和 Papyrus.log 了解详情。
$Clipboard_ReviewNativeLog	请查看 Clipboard.log 了解详情。
$Clipboard_RotateFinished	已完成旋转所选物体。
$Clipboard_RotationInput	输入角度：大于 0 且不超过 180（最多 6 位小数，使用英文句点）：
$Clipboard_RotationInvalid	数值无效。请输入大于 0 且不超过 180 的角度，最多 6 位小数（使用英文句点）。
$Clipboard_ScaleDownInput	缩小百分比：大于0，最大为99。每个物体的最终大小必须是整数百分比。小数请使用英文句点：
$Clipboard_ScaleDownInvalid	缩放更改无效。缩小百分比：大于0，最大为99。每个物体的最终大小必须是整数百分比。小数请使用英文句点：
$Clipboard_ScaleFinished	已完成缩放所选物体。
$Clipboard_ScaleNoExactChange	当前选择在此方向上没有可精确应用的缩放值。未更改任何物体。请将物体分成较小的组单独缩放，或使用恢复功能。
$Clipboard_ScaleRestricted	此更改会使物体大小被取整或超出大小限制。未更改任何物体。对于当前选择和方向，步长为{0}；最大值为{1}。附近的有效值：{2}。
$Clipboard_ScaleSelectionInvalid	无法完成缩放。请检查选择后重试。
$Clipboard_ScaleUpInput	增大百分比：大于0，最大为1000。每个物体的最终大小必须是整数百分比。小数请使用英文句点：
$Clipboard_ScaleUpInvalid	缩放更改无效。增大百分比：大于0，最大为1000。每个物体的最终大小必须是整数百分比。小数请使用英文句点：
$Clipboard_SelectGunEquipped	已装备选择枪，射击物体即可选中它。
$Clipboard_SelectedStatus	 已选物体：{0}
$Clipboard_SelectionAllCount	已选中聚落物体：{0}。
$Clipboard_SelectionAreaCount	已选中聚落物体：{0} / {1}。
$Clipboard_SelectionAreaEmpty	选择区域内未找到任何物体。
$Clipboard_SelectionAreaRetry	请尝试重新放置复制工具或增大选择区域。
$Clipboard_SelectionCellCount	从此区块范围选中的聚落对象：{0}。
$Clipboard_SelectionComplete	选择完成。
$Clipboard_SelectionDetailsArea	\n\n<b>区域</b>\n宽度：{0}\n长度：{1}\n高度：{2}
$Clipboard_SelectionDetailsCenter	\n\n<b>中心点</b>\nX：{0}\nY：{1}\nZ：{2}
$Clipboard_SelectionDetailsCounts	<b><u>选择详情</u></b>\n\n物体数量：{0}\n电线数量：{1}\n插件数量：{2}
$Clipboard_SelectionDetailsScale	\n\n<b>缩放</b>\n最小值：{0}\n平均值：{1}\n最大值：{2}
$Clipboard_SelectionPluginCount	已从“{1}”选中聚落物体：{0}。
$Clipboard_SelectionPluginCountTitle	已选物体：使用的插件：{0}。
$Clipboard_SelectionPluginEmpty	未在“{0}”中找到新的可选择定居点物体。
$Clipboard_SelectionSize	 选择数量：{0}
$Clipboard_SetMotionType	 设置运动类型
$Clipboard_SettlementEmpty	未在定居点中找到可选择的物体。
$Clipboard_SlotRangeCount	{0} - {1}：蓝图：{2}\n
$Clipboard_SourceCellIndexInvalid	该蓝图包含无效的源区块插件索引。未执行移动。
$Clipboard_SourceCellPluginUnreadable	无法读取该蓝图的源区块插件。未执行移动。
$Clipboard_SourceDifferentCell	保存的位置不可用，或位于“{0}”的可建造区域之外。未进行任何移动。
$Clipboard_SourceDifferentWorkshop	尚不支持在工坊之间移动。
$Clipboard_SourceMovementUnavailable	无法解析 Clipboard 工具或工坊，因此无法移动至蓝图源位置。
$Clipboard_SourcePatternInvalid	所选槽位不包含有效蓝图。
$Clipboard_SourcePlayerNotMoved	无法确认装置的移动结果，或您已离开“{0}”。玩家未被移动。
$Clipboard_SourcePluginListUnreadable	无法读取蓝图插件列表。
$Clipboard_SourcePositionUnreadable	无法读取蓝图源位置。未执行移动。
$Clipboard_SourceTransformInvalid	蓝图源变换无效。未执行移动。
$Clipboard_SourceWorkshopIndexInvalid	该蓝图包含无效的工坊插件索引。
$Clipboard_SourceWorkshopMissing	蓝图来自此存档中不存在的工坊。
$Clipboard_SourceWorkshopNames	此蓝图创建于“{0}”。玩家和Clipboard装置都必须位于该聚落内，才能移动到其原始位置。未进行任何移动。
$Clipboard_TextInputUnavailable	无法完成文本输入。请重试。
$Clipboard_ToolAlreadyExists	已存在一个 Clipboard 工具。\n\n请先摧毁该工具，再创建新的工具。
$Clipboard_WarningGeneratorAnimation	部分导入对象的动画无法初始化。 
$Clipboard_WarningPowerFailed	电力重连失败。 
$Clipboard_WarningPowerIncomplete	电力重连未完成。 
$Clipboard_WarningPreparationIncomplete	部分物体未完成加载或物理准备；已跳过自动连接线。 
$Clipboard_WarningRowsSkipped	已跳过部分蓝图行。 
$Clipboard_WarningWireCreationFailed	连接线创建失败。 
$Clipboard_WarningWiresMissing	部分蓝图连接线未创建。 
$Clipboard_WorkshopCallbackCounts	物体：{0}；已返回调用：{1} / {2}；未完成：{3}
$Clipboard_WorkshopIncomplete	工坊初始化未完成。
$Clipboard_WorkshopInitializationProgress	Clipboard：工坊初始化（{0}%）
$Clipboard_WorkshopInitializing	Clipboard：正在初始化工坊物体……
$Clipboard_WorkshopObjectsPlaced	物体已放置；已跳过布线和电力。
$Clipboard_WorkshopReviewBeforeRetry	请先查看日志，再使用新工具开始另一项导入。
$Clipboard_WorkshopUnverified	无法验证工坊初始化。
$Clipboard_WorkshopWiringSkipped	已跳过布线和电力。请查看 Clipboard.log 和 Papyrus.log。
